UserID,MovieID,Rating
193,3634,4
5294,2746,4
123,1304,4
1877,3616,2
1254,945,5
1340,1748,3
820,480,4
1805,1704,5
4169,3871,5
5430,593,3
752,1200,4
3884,3401,1
406,2264,3
1448,2410,4
5812,215,4
3142,3342,4
3767,3252,4
1777,1299,4
692,1339,4
4957,984,3
4215,1627,3
6036,337,4
1880,1610,4
2077,2252,2
4808,3578,5
1899,663,4
776,1270,4
4543,3840,2
3430,2571,2
1221,2529,5
1803,3764,4
2054,2735,3
4345,3683,5
331,1266,5
4786,3095,5
3412,3863,3
3304,2648,5
2841,912,5
3469,2002,4
602,924,5
3163,2513,4
1354,1965,2
3054,2126,1
5452,1222,4
3088,527,5
2407,951,3
3321,1961,5
4930,916,4
5397,471,3
4964,2857,4
1647,1073,5
1451,2431,3
5522,2671,4
123,381,4
1812,3052,5
3269,3510,4
5335,1225,5
3317,2408,3
2691,3424,4
4512,733,4
4940,1066,5
4459,1294,5
3778,3690,2
764,1256,5
5582,3090,4
508,1965,4
4815,2324,4
5661,1259,5
5878,788,1
1617,3174,2
1852,1214,5
2230,2676,4
2161,1041,5
5900,1104,5
1449,349,2
5277,1228,4
3842,2424,3
203,140,1
4238,1258,5
2282,2808,5
5153,2863,5
3292,1334,4
3483,70,3
5954,1655,4
2694,3942,4
2575,1287,4
4980,50,5
4167,1299,4
1741,2972,5
4033,1610,5
2389,2571,5
3300,208,3
4122,1090,5
977,247,3
919,3528,3
284,1983,2
5074,1185,4
3638,3873,4
5317,1464,4
3384,1287,3
1329,1917,1
5511,2206,4
5378,1959,4
4625,2406,4
2098,3160,4
4161,2571,3
3047,296,3
560,2524,2
4901,1387,5
2537,2971,2
3507,2421,2
2524,1610,4
5341,1394,3
822,2394,4
1696,2352,3
2097,2021,2
2461,2301,5
4199,110,5
2718,1517,4
2420,2951,4
3965,1920,3
2063,1128,3
5675,2734,3
4472,1876,4
181,1266,5
4256,3340,4
2462,344,3
4236,407,3
4183,39,1
5102,1408,4
524,1035,5
5786,1089,5
2391,2291,2
3001,2058,4
5653,3361,4
3550,3614,3
398,377,4
4611,276,1
5975,1293,3
5592,1394,5
5468,2617,2
1496,2902,2
678,1882,4
4285,2531,3
2456,3764,1
3292,3813,3
3679,1246,5
1181,2750,2
3389,1573,4
1129,3004,3
2304,849,4
3299,1947,5
2848,1372,3
2063,1704,3
3130,3755,2
2620,442,3
4344,2710,3
2731,1610,5
5470,3007,4
2248,2077,3
5543,3265,4
3894,1291,4
3532,1701,2
4469,2662,3
710,1127,4
5620,2081,3
3521,3094,3
3892,1287,5
4016,2450,1
1597,3525,5
4446,919,3
2881,1259,4
4269,3070,5
4329,2881,4
2587,3753,3
1345,1476,3
3100,1092,5
4227,2867,5
2455,329,3
4845,1296,5
2446,3175,1
2559,653,3
2020,1953,4
5649,1614,3
608,2335,2
5563,356,5
3216,2858,4
969,3260,4
5294,457,4
4575,1321,1
1928,1485,4
1150,1171,4
3191,2806,4
3414,1918,5
4456,2064,5
1553,1136,5
5138,2916,2
5037,2028,4
1015,1396,3
5580,3688,3
3518,141,4
2012,2993,4
3706,837,5
5852,3396,3
854,866,4
3768,2423,3
1996,3513,5
5077,2065,3
1320,2000,4
6016,1294,4
547,2872,4
4725,1517,3
3712,1320,3
1752,592,4
5543,253,5
702,1405,2
4726,1888,3
2913,3521,4
182,2599,2
5533,969,5
242,39,3
959,1343,5
3419,1527,5
4690,2513,4
5884,112,5
3957,924,4
4058,1378,5
1434,170,4
1117,293,5
3997,1100,4
431,1721,3
5493,2759,2
1362,2672,4
3280,2001,2
4800,2146,2
2682,1862,1
1543,95,5
2077,1833,3
1827,480,4
2900,1431,3
529,2973,5
2060,3897,4
3658,2782,4
1714,780,1
1380,377,3
2793,2409,4
4377,2002,5
1718,2791,5
5100,1234,5
3914,1266,5
689,1374,5
1088,2504,3
2983,494,4
5153,835,2
3916,2985,4
2732,1376,5
4448,2294,3
4550,737,1
1945,2019,4
660,1943,1
6016,233,4
5433,196,2
1897,3152,5
5775,1968,4
5727,2394,3
3810,3671,4
3693,2822,3
169,480,5
494,1018,5
5846,1322,2
4637,1393,5
5619,1019,3
530,480,4
1729,3751,4
2323,2361,4
2755,235,5
4048,2496,5
2088,332,3
3807,2409,2
889,1068,4
1084,1812,1
2380,3952,4
3834,2353,5
1714,3523,4
245,2108,3
5576,1320,4
4961,1250,5
3367,1079,4
1958,1681,2
412,1282,5
3754,3552,3
4591,442,4
368,1611,4
2996,110,5
4507,2959,5
5689,457,5
5759,1307,5
3308,531,3
4205,1007,3
4026,3256,3
5717,2302,4
2020,1483,2
2994,1825,3
3313,3265,4
3356,2781,4
5,2395,5
3935,1265,4
4662,3156,3
2931,316,4
3564,1408,4
955,608,5
1540,1282,3
5370,3203,1
5614,3359,3
3622,3703,5
2181,2271,3
2782,5,3
5114,1927,1
4085,2001,4
5428,2763,4
4739,1198,5
284,393,1
4962,3524,2
386,1517,3
4113,1230,3
1988,1096,4
2016,3639,4
1586,2527,5
4227,1010,2
2472,70,3
163,2976,2
3391,3949,5
1125,2359,3
3032,2398,5
549,2745,5
5848,3088,4
1486,2762,5
5074,2001,3
6023,1912,4
2176,2572,3
5267,1259,5
3992,3398,4
5337,2105,1
4959,110,5
1727,1047,3
764,2710,5
4055,47,4
1636,2699,1
4287,1587,4
1168,2502,4
2300,3686,3
4826,1253,4
3367,128,5
3760,678,3
1317,2529,5
5837,695,4
149,24,4
4099,1387,3
355,1027,4
839,1219,5
1208,3241,4
53,1246,5
5686,750,3
33,2391,4
3589,1580,4
97,1350,2
93,1586,3
1805,1909,4
48,2946,5
543,547,2
3499,3703,3
5671,1225,4
1145,1,5
4239,3812,5
3503,1333,5
4928,2803,4
1112,3257,2
5220,2376,3
4645,2084,3
2990,1148,5
1141,2143,1
3196,2641,3
3613,858,5
3304,2455,5
1490,383,4
3518,509,5
5511,34,5
1422,1250,3
1264,1240,4
1828,3355,1
1311,1408,5
3082,1485,2
2380,2502,3
4245,2021,4
2097,592,4
1264,125,4
4715,253,3
4277,1959,3
5512,1614,4
3675,1247,4
3704,3704,5
2239,2985,1
2957,1719,4
1246,2140,5
162,3114,5
1431,45,3
5268,2266,1
1448,1487,3
36,3052,4
533,3578,4
478,593,4
3482,924,4
4732,1597,3
4252,132,2
2088,185,3
1899,3706,3
3182,3741,5
3650,266,4
5802,1968,3
4336,344,5
5011,2143,4
624,2745,4
1354,32,3
701,1222,4
2757,3703,3
477,2613,2
801,2020,4
4653,3062,4
5445,968,3
3329,858,4
2885,589,4
5960,3552,3
3207,1197,5
5523,919,5
2077,480,4
4680,3135,3
718,47,5
4788,153,4
1839,1518,4
5020,253,3
1516,2542,2
5250,588,1
3115,1580,1
2233,2463,4
2175,223,5
4361,1172,5
42,2403,4
5406,916,4
1451,3499,4
528,1271,5
3669,435,1
4153,1597,4
822,2139,4
1586,1224,5
1680,1248,4
3853,3767,2
4531,3819,4
1362,904,5
5744,1542,4
3801,1984,5
770,2163,2
163,1457,2
873,2455,5
5980,3037,5
2316,2716,3
3372,913,4
2679,357,5
5149,1079,5
73,3439,5
5991,2082,4
1292,3911,5
2774,2050,3
692,1408,4
1264,2875,3
1948,1049,4
1803,296,4
3128,2002,1
5128,1247,5
4957,2405,3
4524,1393,5
3625,802,4
5880,3358,4
5745,1197,5
2174,2289,3
3824,2078,3
5157,3097,5
4458,125,4
2777,408,5
5000,3773,3
4073,1960,3
4292,589,5
2485,1784,4
3067,1196,4
3415,2108,4
5536,2028,3
1895,858,5
5831,39,5
4482,2875,4
1859,2329,3
1969,1016,4
2173,1650,4
5787,3706,3
2634,1408,4
3679,1130,4
2790,924,4
1733,2231,3
4522,1,4
844,1994,3
4549,2516,3
3945,466,2
5717,1233,3
5882,1270,4
2448,3157,4
3308,1610,3
5468,2076,5
5435,1909,4
1968,1060,3
4788,2735,4
1628,2412,1
3953,2108,4
4345,3307,5
240,480,4
1890,1288,4
1243,1982,3
5390,1288,5
5387,2395,4
2572,2396,5
4278,2170,4
1112,1617,5
4078,1089,5
3971,2314,4
624,1365,5
4094,733,4
5555,303,2
148,3770,5
4284,2334,3
1851,186,2
5250,1711,3
5452,247,4
1329,3566,3
3345,110,4
4323,2916,3
1501,295,4
968,235,5
5173,2167,3
817,590,5
5858,1,5
148,3768,4
1880,587,4
958,3619,3
3359,2353,1
4227,2115,4
3312,3397,4
204,539,4
1427,608,4
137,589,4
1468,260,5
4735,3445,3
4265,2616,2
3716,3544,1
5333,2501,5
4929,923,5
1274,1233,4
3778,377,5
4407,2916,3
1445,3754,5
3691,2391,3
2271,2302,4
463,3591,3
4345,74,2
5441,3363,4
4691,2108,3
689,1544,3
4725,71,3
1181,3243,3
531,3594,3
3329,3093,3
2248,2707,4
3526,692,1
2279,2300,5
1118,1198,4
1764,2713,5
4626,1061,5
3546,3435,5
1265,1639,4
4298,1251,5
4156,1225,5
4162,223,5
5881,586,3
2080,1204,5
3195,1206,5
4064,2446,2
352,1101,3
2969,2539,3
5961,1841,3
5496,1912,4
2203,1517,4
3643,858,4
4097,1407,5
1451,110,4
5749,2291,3
193,1172,4
2129,2761,4
185,2028,5
4377,3028,4
3815,2706,5
4523,1396,4
1835,348,5
2684,750,4
4600,3524,4
1267,1809,5
4514,3005,4
1877,3325,1
4208,899,3
1689,380,5
1643,1544,4
204,1196,5
4748,157,3
859,2455,4
58,671,4
5367,32,3
2847,2628,4
453,3751,4
3999,694,2
1671,3546,5
2271,2028,5
4440,2617,4
2205,1268,3
3129,3421,5
1150,3127,2
245,3723,4
3483,2467,4
2211,261,3
6018,2021,5
4845,1197,5
1370,3937,3
1726,2002,1
1241,1680,3
3721,2025,3
5767,32,3
5598,2683,2
1624,2421,1
3808,2027,2
3742,3254,4
4447,2204,4
2060,410,1
3100,1196,3
2810,2002,3
3147,2231,3
550,371,4
3684,2997,4
721,3358,3
4855,3247,3
2460,1959,3
957,3309,4
5990,2021,1
1212,1617,5
4510,1086,3
1004,3760,3
4122,1760,2
5312,3519,4
5794,3349,2
534,1196,5
4741,3649,3
5698,356,5
1100,3438,3
4834,1265,4
3174,3753,4
2446,2532,4
651,2469,4
1579,1719,3
3378,2539,5
4438,2139,3
2330,924,5
1866,648,3
1737,3403,2
4769,1320,2
3693,50,5
637,1293,4
1060,3916,5
1996,2454,2
2020,1193,5
1313,2163,4
2031,3126,4
934,1183,2
157,368,2
4535,1007,4
5364,1393,4
3380,21,3
1237,19,2
1835,1747,4
2848,2613,1
335,1230,3
4769,3698,4
1448,885,2
4508,3696,4
3161,608,5
1591,2406,5
5605,277,1
1676,902,4
202,3525,2
1181,2439,3
2704,3095,5
1932,3002,4
3081,2414,4
2186,2470,4
1483,2916,3
3265,1644,1
1980,125,3
3808,473,4
1676,785,3
4313,2997,5
4152,1405,3
3662,3780,4
1952,1617,5
3441,1556,1
4814,527,5
5369,2762,3
5451,592,3
4607,1301,4
26,2004,1
3233,314,3
4183,733,3
661,1036,5
1501,1266,4
2878,2137,3
4005,1221,5
136,224,2
2620,3300,5
929,1265,5
326,357,3
838,2908,5
3224,930,5
528,1682,4
5167,1374,4
4169,504,3
3089,1615,4
3526,2827,1
337,1370,3
25,2012,5
256,1954,4
4789,1357,5
3669,1378,3
1212,3081,4
2529,1334,4
4619,638,3
3292,783,3
509,2506,3
3436,3873,4
4578,22,4
946,1289,5
4277,1203,5
4313,3147,5
3547,2520,4
1758,919,3
1676,3608,3
1994,589,5
3778,1196,3
3824,2944,4
26,511,5
3224,18,3
4054,928,3
3056,3243,3
2513,3751,4
1448,353,5
4152,1517,4
3390,924,5
4235,356,5
1354,2908,2
4124,552,4
4490,1748,3
5042,1678,4
1242,3683,4
4466,2997,4
1130,1287,4
359,1653,4
1211,3471,5
5698,1588,2
5352,900,4
2596,509,2
3995,648,2
2355,929,5
4890,34,3
3127,2396,5
3618,3445,3
2645,590,3
1593,2542,2
5604,3638,3
134,208,3
3896,1831,2
4543,1288,5
2969,3593,1
1497,3178,5
1288,3499,4
3770,1197,5
2116,2605,4
4663,305,2
1899,954,4
3017,2997,4
355,2616,3
2946,809,2
3312,3703,2
877,515,1
604,3300,2
3824,1343,2
1883,905,3
3410,2912,2
3993,2995,1
3989,1580,5
368,32,5
2001,903,5
752,2976,2
3716,2706,5
2497,1942,5
2627,2348,3
4258,1376,3
2774,1079,5
920,2710,3
1010,3098,5
5571,1387,3
10,1278,5
5523,1676,3
4256,318,4
5738,517,2
310,1821,5
949,3255,4
4484,1978,1
2279,3135,3
123,1608,2
2724,1682,5
3401,1275,3
3934,1258,2
1051,1348,5
4889,1580,4
4678,3159,3
2119,2858,3
3390,3157,4
2030,1960,5
1958,2706,4
3791,1554,2
2680,2959,3
2558,3882,3
3364,116,5
1879,736,4
4062,225,3
1579,648,4
5406,2150,3
1958,2432,4
3336,2268,3
1667,2475,4
1744,2064,3
3292,527,4
2932,1358,5
1781,1407,5
4647,720,1
4090,903,5
2009,2918,3
1013,3157,5
5378,2724,3
1274,1131,5
4454,2232,3
570,2018,3
2402,58,4
1069,3252,3
5996,480,3
1004,2321,4
520,592,3
4784,2558,3
3499,3081,4
131,260,3
3513,1378,4
5964,1112,4
4979,1989,1
4957,1278,4
1889,50,4
5317,562,4
4437,2352,4
1377,1004,2
1985,1036,5
1941,3074,4
5707,249,5
1530,1344,4
4049,405,1
1141,1188,5
889,1097,4
2427,3798,3
4979,592,4
2529,2,3
4862,745,4
5767,3008,2
1029,107,3
3261,3739,5
3358,2001,3
3044,1278,3
796,1230,4
1239,3251,3
3182,2542,4
327,375,4
4447,1010,3
2933,3476,4
2162,1042,4
5561,783,2
3994,1304,5
1605,2628,3
4387,1280,3
327,3304,4
2888,1586,1
1941,2400,3
4508,2390,4
4514,3203,3
1274,943,4
5684,2167,5
1203,2124,3
677,495,4
1356,173,1
2121,966,4
5264,480,3
3140,362,4
3681,849,3
552,1693,5
1930,3253,4
1304,2194,3
1294,3362,4
5795,3527,2
2860,3038,5
3471,3753,3
5222,2529,3
2929,1961,4
2225,3505,3
3713,276,3
343,432,3
3056,2995,3
4277,2826,4
36,3623,5
3585,3668,5
3327,1799,4
1055,1210,3
4852,1269,3
1640,1573,3
649,1196,5
1160,2707,2
5575,2874,3
4287,1210,5
5908,1201,5
2995,2985,3
1506,1573,3
4183,882,3
2100,2123,4
1639,555,5
3756,786,4
3217,3260,4
2629,1589,3
3365,2289,3
1117,1614,4
2557,1923,3
3191,1801,4
1466,547,3
3681,3020,3
322,3363,5
743,1513,3
5472,761,4
1822,2028,5
1882,1266,4
1969,1769,1
3600,3760,3
1015,3760,4
3515,21,3
3346,2352,5
4328,21,4
4732,1965,4
1587,280,2
3026,3258,3
1744,1246,3
5185,2739,4
3878,3074,5
2811,3429,3
5550,2324,5
713,3512,4
1880,783,2
2854,2541,2
4682,2294,5
5275,2268,5
3416,2006,4
2674,164,4
2242,1544,1
1069,753,1
5837,1258,5
3706,3263,2
4461,3671,5
533,442,4
1943,1676,2
4016,2366,4
2876,1722,4
1206,3793,4
5047,2574,2
4520,1408,4
2237,2082,4
58,1393,3
3513,2710,5
5754,3448,3
1019,3535,4
5521,364,5
4653,509,3
5765,260,3
3576,1270,4
4021,2427,4
4169,3924,2
51,3527,2
26,2100,3
5488,3108,4
4879,2204,3
1901,2096,3
509,1372,3
2793,1256,5
5627,2013,4
1356,1759,5
1448,266,5
5574,17,4
3996,2628,5
3950,3253,4
3312,1958,5
2117,951,5
5539,1945,3
538,2321,3
4972,1376,4
2690,2991,3
1243,1997,4
881,1917,3
48,880,2
5251,272,3
1980,3087,2
1377,1391,2
4725,3035,3
1057,364,4
3525,3499,4
5955,1884,4
5636,2108,3
5851,2791,5
5776,1374,4
474,2023,3
1631,708,2
543,1088,4
2414,1270,5
5068,3251,4
3315,900,3
971,1320,3
4531,1196,4
4868,3751,5
5948,2966,5
5183,2803,4
4230,926,4
366,1265,5
2526,1945,5
1176,1374,4
2387,555,5
3825,2376,2
3694,2716,3
566,3548,3
1639,1089,5
663,1129,3
216,2735,3
1244,479,3
4064,2805,2
4473,2291,4
2761,2002,4
3281,1089,5
1962,235,5
3280,1089,5
2322,1617,4
5415,3513,3
3380,2130,4
1287,1898,4
1303,527,4
1628,1810,3
1681,1225,5
5282,2090,4
5568,3439,5
786,2105,5
3170,1297,3
2544,971,5
2561,3006,4
3842,1073,3
5146,3730,5
2583,3769,5
1958,3189,4
3070,2186,5
4643,3355,2
721,1957,3
1377,2616,1
5770,1296,4
4879,2428,2
1244,1377,5
5047,104,1
4491,3082,5
5198,1793,2
5046,1287,4
2632,427,3
4915,1374,5
4482,2883,4
889,3081,3
4401,2203,5
216,2110,3
2544,296,5
1676,1673,3
4202,3699,4
2610,3450,3
42,3769,3
3808,540,4
5954,2764,5
4042,3723,3
4869,3471,5
476,2003,5
2131,1258,5
4497,1272,5
3195,1784,2
5795,3174,4
5848,1086,4
4556,1125,3
3836,252,4
4169,3657,2
944,2723,3
114,1028,4
5916,1620,3
2605,2951,4
1263,1875,2
3718,904,5
5843,1024,2
1630,3802,1
3251,1199,5
1968,3504,5
1127,2858,5
2106,2799,1
1335,3359,3
278,799,4
4499,163,4
631,1674,5
5920,1883,4
4344,372,3
2928,1401,2
3200,1916,4
1218,2804,3
4579,485,2
4448,2167,5
3403,786,4
2537,3543,4
5744,905,5
4168,3156,3
5049,2968,4
6010,458,4
4765,1240,4
4028,2249,5
4043,454,4
4543,2053,2
2038,39,4
2063,2482,4
4647,352,3
1284,1615,4
3430,3347,4
2330,750,5
4401,3618,2
2181,1168,2
5282,586,3
654,2599,4
2350,150,4
3507,493,3
889,1854,2
5011,2502,5
1059,1594,4
1069,350,3
4526,3421,4
5004,2300,5
1556,165,4
4497,1036,5
3031,1097,4
3086,110,5
4591,1587,3
5476,930,4
3481,919,5
5592,2311,4
5852,2369,1
461,164,4
2185,921,4
2774,1082,5
3985,365,2
118,3635,3
4384,3566,5
5632,648,4
1988,1956,5
5780,2278,5
2489,121,4
2724,1393,3
3154,1671,4
4096,1378,3
880,1653,4
3792,3637,3
2609,3257,3
5054,203,3
4007,161,3
6000,3387,3
950,741,4
5011,2006,4
4834,296,5
3997,3359,4
5794,1220,5
4786,2392,3
3275,1129,4
2277,1580,5
2969,2699,2
3233,3163,4
4998,741,5
2398,45,3
1260,3893,3
1354,532,2
5113,1956,4
3929,608,4
5614,1230,5
2304,36,4
1285,3114,5
2016,2402,4
2665,2252,1
1780,920,3
1162,1296,5
454,3243,1
6036,3099,3
2824,3253,5
731,908,5
5888,2014,3
3469,737,3
2181,906,5
53,718,5
2011,2424,4
3306,1252,5
181,1923,5
3285,2389,2
163,2507,1
949,2986,3
2754,3253,4
548,858,4
5065,1270,4
1613,2822,3
5838,2690,5
2515,2531,4
5597,448,1
2576,1676,5
655,367,1
2854,2000,1
2918,3852,3
424,3753,3
2304,2067,3
3201,1333,5
2685,3827,4
5458,1747,3
2712,3744,3
637,2140,2
3475,386,1
5074,923,4
3972,2706,4
5896,788,3
202,2085,3
3934,1584,3
2909,1104,4
5317,378,3
2753,41,4
2306,17,5
5567,1013,4
4251,1625,4
352,2140,5
924,246,4
1980,25,5
824,899,5
2298,524,4
3985,11,4
1440,3863,4
5977,3408,5
3235,2694,4
911,272,3
3825,1992,1
3824,2189,3
2106,543,2
4048,243,3
5185,440,4
3836,1587,3
2015,2799,1
3669,3555,4
5707,1223,5
2565,1356,4
3963,3200,5
5780,3082,4
949,256,4
3967,2003,4
3519,1840,4
5972,516,4
3109,1073,3
2015,590,5
438,2102,3
1204,541,4
5282,69,4
4496,377,3
3196,1347,4
5367,1956,3
5862,2468,5
4215,417,4
4234,2683,3
4483,1290,4
6009,2268,3
5512,1387,5
5755,628,4
418,2762,5
3077,196,2
3654,3070,3
4124,2000,5
1171,3483,4
3792,2406,5
3453,2542,4
1391,3358,3
1899,1954,4
193,2941,3
5961,2126,2
3562,3255,4
4344,1719,4
4053,2174,2
2208,2290,5
5433,1380,2
1831,3512,4
5641,2236,5
3539,2268,5
5823,1265,4
4066,457,3
398,112,3
1050,410,3
3971,612,2
3402,953,5
2454,3114,4
3998,1301,5
3473,2125,5
4356,327,3
411,2268,3
4411,474,4
5890,3087,4
3476,1610,5
3689,586,3
1941,195,3
3336,697,2
816,2746,4
1947,778,5
5878,2738,5
4699,2688,3
3142,2997,5
4122,1845,4
764,2987,5
2173,2750,3
1741,3143,3
4186,1663,3
1943,1459,3
2915,318,5
1360,1909,5
1932,318,3
3420,2692,5
5972,144,4
4447,3639,3
3610,370,4
4882,3682,5
2805,260,3
645,1208,5
2100,2088,1
1676,3919,2
1072,1094,4
122,457,4
2453,1687,4
3020,3475,4
1880,3114,5
877,836,1
2011,376,5
4478,1687,2
5121,1517,5
4980,231,4
452,1245,5
5064,1248,3
4579,1416,4
2743,1198,4
5768,1307,4
3022,180,3
1980,2040,3
1015,1966,4
4909,2173,5
5433,1233,4
1399,1222,5
4016,494,3
563,1032,3
5103,593,5
5577,3707,3
4661,3029,3
5077,1673,3
5247,2770,4
881,169,2
154,2355,3
1768,1222,5
1685,3422,4
5996,2193,5
528,19,1
2016,1019,4
4887,3764,3
5448,3167,3
1648,3398,4
3228,1291,5
284,2288,3
3605,2716,4
2518,919,5
724,3317,4
2041,3928,2
858,2130,5
2214,586,3
1448,3014,3
4115,1226,4
4078,1959,2
2837,1307,4
5972,3391,1
2106,2622,4
4662,2953,3
5916,1092,3
1948,1597,5
157,3168,3
955,198,1
4740,2107,5
4500,3147,3
855,1057,4
3539,187,5
5312,1185,5
5080,3552,5
605,3175,4
308,1883,5
505,260,4
2487,2670,4
3493,1356,3
765,2642,2
1554,1240,5
5614,2987,3
3031,2976,2
56,1358,3
2738,475,5
524,3200,5
921,2301,4
529,1213,4
2106,784,2
2668,3263,3
2170,3402,3
1447,1591,2
4754,1258,5
3394,3287,2
402,1294,4
1820,2716,4
705,3751,4
5996,1020,5
2219,2108,3
2453,2686,2
442,3317,3
1314,2006,4
889,1339,3
2010,833,1
48,153,3
549,2143,3
2288,2145,1
4852,964,2
3533,648,5
2041,1291,4
444,1288,5
1408,288,3
139,3917,3
5982,1876,4
438,1371,4
3909,2485,4
5629,2732,5
4132,1222,5
3203,2916,5
442,3358,4
308,1097,4
5636,233,3
714,2770,4
4009,3246,4
3314,2802,3
3718,461,4
3574,2379,3
4115,3256,4
1383,1777,3
5503,1704,5
5767,3300,3
1677,2628,5
5167,1219,5
4352,2794,4
2777,1513,2
53,735,4
2873,1345,2
5270,1346,3
2015,3028,4
1451,1233,5
1128,2406,2
4543,1573,3
3101,720,5
3007,1569,3
2446,1517,5
1698,1395,4
5365,2154,1
2047,1035,4
5253,1293,4
4541,1547,2
4126,266,5
2763,1721,5
235,2010,4
5321,208,2
682,1080,5
5005,342,4
2533,3259,4
3599,2997,1
2235,470,3
1001,508,4
3784,3147,4
5621,345,1
4732,110,5
4423,1210,5
2680,1204,5
163,3175,3
2907,761,1
4033,1385,4
5413,111,4
5099,736,4
4612,1269,5
3630,1247,4
881,3827,2
347,1961,5
4082,3044,5
4655,252,3
2515,1375,4
843,1198,4
3029,180,4
4448,2917,4
4342,1663,5
6040,1617,4
4898,2023,2
1130,1372,4
3742,542,2
1980,515,4
4823,3527,2
293,3090,5
5852,480,3
4001,2581,3
2888,380,4
4048,2291,3
117,1253,4
4647,351,3
1088,529,4
3571,3081,4
2907,2974,5
2787,3281,4
3532,1584,4
2451,1401,4
3989,587,4
3108,1124,4
1339,112,4
1630,1750,2
2456,2791,3
1449,920,2
5613,837,4
839,3893,4
3201,3093,4
1984,246,5
302,216,4
531,3553,3
3490,2648,4
1613,2014,3
4790,2309,5
3471,1648,3
3158,1288,4
4524,798,2
2946,1101,4
1019,2269,1
5077,3424,5
1837,1517,3
2743,2571,5
3029,1441,5
5270,2872,5
2484,2921,5
3792,1246,5
1358,2993,3
4344,1341,3
5341,1007,3
3514,3147,4
5303,3424,5
1425,2141,4
4869,1210,3
1300,3081,5
3775,342,4
3695,2174,4
4861,1544,3
3669,2100,3
4303,3499,3
4116,3952,4
1598,1573,4
2261,2393,2
230,2657,5
1941,2978,3
4579,3785,3
1284,2176,3
4114,2300,2
5260,3365,5
2015,1363,1
3469,952,4
1472,1233,5
5779,528,3
4877,1214,4
1149,2906,1
1908,2431,5
796,42,2
459,2706,5
1530,2167,4
5121,144,4
5826,36,5
1404,3104,3
3032,1992,4
2900,153,3
3313,2624,4
1737,1996,2
5971,2243,3
3471,3578,4
75,780,4
2417,1028,3
770,2407,3
1680,2866,4
2051,6,5
4153,502,3
4227,196,2
1348,3088,4
2024,39,4
1489,2919,4
1125,1396,4
702,1148,5
5461,1919,2
2016,1968,3
2912,2827,1
900,913,5
4170,1304,3
5205,3863,4
2529,3438,4
1699,928,4
2862,1214,5
1902,786,3
1954,2232,4
2188,1388,2
5182,2320,3
1244,1057,3
5066,2965,3
5831,3852,3
1676,2709,4
695,1690,3
2016,552,4
349,548,2
186,1136,5
3841,260,5
1980,2861,3
2756,173,3
5530,2089,3
5137,2800,4
743,3096,3
1758,2723,4
4031,3576,3
3823,2402,5
2700,349,3
3592,3546,5
1632,1240,3
3983,852,4
5583,2929,4
4816,1569,4
4451,2416,2
3065,1288,5
92,1873,2
5015,2942,3
2688,1961,3
3976,2125,2
4964,2294,4
2950,88,2
585,1527,3
4732,1019,5
5982,2353,4
5667,2805,2
2907,3055,2
1137,2753,4
1919,2113,2
2721,2502,2
4645,1265,3
3309,1261,3
5481,1333,4
5831,2683,3
1150,3005,2
4800,2571,4
4932,1729,4
4227,2407,4
2737,3115,4
5905,410,4
1820,3728,5
6001,1003,3
5831,3087,4
4140,2412,2
4568,342,4
3675,288,3
4404,511,2
2092,2366,2
4305,2571,5
3065,2694,3
2459,527,5
1074,1834,4
5082,1201,5
4169,2711,4
2493,3300,4
2088,3662,3
5747,1959,5
5341,3019,5
973,1357,5
696,2054,3
5404,1266,5
3808,1888,3
3621,356,4
3684,2772,4
1422,1011,3
5597,12,1
3300,1377,2
1449,1362,4
2116,161,5
3392,3276,3
5170,3114,4
5603,2988,5
4817,589,4
5394,2908,5
2168,3555,2
3892,3044,4
687,3752,3
5319,928,4
482,1884,2
4711,1342,5
5553,3062,5
2004,185,5
4729,11,3
5836,1148,4
3441,919,4
4169,1080,3
2181,2336,4
5107,1624,3
17,2011,5
3821,1676,2
2293,1035,4
3626,2502,4
4016,3807,2
770,1653,3
5090,1721,3
850,199,5
1001,2437,3
39,2568,3
2284,506,2
1891,260,4
1797,3467,5
839,3421,5
1750,3598,4
1576,1625,2
991,911,5
5294,3578,4
3750,2174,4
2298,2606,3
5915,349,3
5888,48,3
3096,1580,5
2383,2012,4
4700,2012,3
1941,802,3
2576,1831,3
2368,318,5
3442,611,3
4543,2289,4
4089,2124,3
338,2012,3
5643,719,1
5403,2617,5
3574,3751,5
5364,1914,4
4425,68,4
1087,3578,3
1194,2114,4
2504,3770,3
2293,3035,5
524,382,4
2771,3029,3
1835,1884,5
4845,534,4
5131,2266,1
4329,1894,5
2320,516,3
5333,3457,4
4524,3444,4
471,1210,4
211,480,5
753,3440,4
2901,1185,5
5026,303,2
4096,783,2
4419,3755,5
2877,1076,3
1704,2642,4
349,3005,3
3679,2048,4
2493,3827,2
331,521,2
2770,356,5
970,1515,3
5115,318,5
1477,3921,3
2255,2100,4
1069,1369,5
573,1343,2
2018,2359,5
1901,924,3
4418,1136,3
3669,3591,4
2047,2,2
3484,3527,3
1483,2140,2
4218,952,4
1297,2976,5
1675,592,3
5997,2407,4
3840,2918,4
832,3608,4
3614,1663,5
3426,1552,1
175,1278,5
310,562,5
5604,2360,5
4901,21,3
5585,480,1
2703,2391,4
2258,2046,4
509,1625,4
1001,3174,5
4998,2174,4
4639,1278,5
5989,3513,4
1375,2546,3
2014,1069,4
1768,3760,3
4344,1482,4
5511,3430,3
546,2295,5
3035,1784,4
550,1234,3
5696,1097,5
1340,1605,1
1755,3254,3
5264,1682,5
5519,1304,3
3744,2791,4
42,2013,3
1289,1210,5
3199,377,4
2909,2457,3
4656,780,4
5100,1251,5
5369,592,3
699,1604,2
5996,2701,3
3261,2720,1
3521,1035,4
5187,32,5
587,1198,3
893,2159,3
4430,1379,1
4377,1556,2
4899,3018,5
5349,3424,4
2507,910,5
1721,239,2
2063,3826,2
349,1562,2
3622,2186,5
2116,2445,3
4802,2144,4
3301,105,1
2457,3591,4
3811,1186,3
732,3524,5
5103,1779,5
587,1270,4
3233,2289,4
1494,1148,5
4054,2076,5
3224,2890,4
774,3535,3
808,1376,3
3432,2716,3
4572,480,2
5189,589,2
2233,2245,3
5292,920,3
2115,852,3
1448,271,5
2625,2120,2
2077,3499,5
3841,2328,3
904,1266,2
4433,2105,3
1314,902,5
301,231,2
3592,1784,5
1119,3438,2
5120,47,2
5256,1126,1
1338,3623,4
1889,104,3
4883,1028,5
5906,593,5
1383,1394,5
1484,457,4
2484,1395,2
2116,453,3
1097,1405,5
5955,1617,4
2945,2723,4
2304,2440,4
3735,2001,3
802,2000,4
3314,3671,5
3681,3688,3
1264,1388,3
3210,2976,5
4315,1377,4
678,3807,4
1015,1120,4
5412,3357,5
4318,2950,4
3690,2606,3
5756,2858,5
5376,3300,3
3266,3179,3
3772,1320,4
2528,2605,3
5763,2136,2
5163,1466,5
1157,141,5
316,260,5
3180,3619,3
5181,852,4
2776,2597,3
622,1945,5
5191,480,4
4258,539,5
4890,1289,5
4893,1037,3
1829,111,3
3707,2126,4
6000,2445,3
1598,3535,3
31,3524,4
4083,736,3
6024,11,5
850,162,5
5187,1580,4
3285,909,5
498,1927,4
1884,3152,4
434,3507,5
4193,1848,3
935,2841,4
2085,2447,5
673,36,3
3539,1032,4
624,3526,5
1641,163,3
1695,1394,5
1051,1093,1
1616,251,1
5319,799,4
273,153,4
1094,2695,2
3104,608,5
2565,518,4
2941,32,5
2928,1917,1
5542,702,5
2304,589,5
4653,538,2
3913,293,4
5447,1307,4
1551,3948,4
4868,3793,4
5283,368,4
5271,1220,4
6036,2318,5
1413,3354,5
4904,2289,4
4627,1230,5
3654,6,4
4198,253,4
3524,3809,4
4287,2001,4
4942,2038,1
4957,2396,4
59,914,5
3618,217,3
5205,1233,4
4510,1590,2
5878,1220,4
3259,745,5
3243,2355,4
3224,3459,4
1579,4,3
5286,2791,5
4645,1721,4
1639,2054,3
3591,802,5
1916,1344,5
5974,2125,2
5039,3623,2
3957,157,2
4221,2660,4
5005,1641,4
2010,533,3
676,1394,3
1117,2628,4
5393,1197,4
3874,2947,5
591,527,5
2304,110,4
123,2108,3
5950,1950,3
3931,3802,2
1721,486,2
2251,1219,5
4728,1645,3
2293,986,4
3961,1200,5
3578,235,2
3626,1358,4
5111,568,2
3609,3247,4
4271,160,1
846,1918,2
4607,1645,3
3532,3386,5
1322,3450,4
3861,1411,4
1645,1961,5
2757,608,5
861,2423,4
343,3032,4
5664,3511,3
1001,3115,4
1383,2940,3
1870,1597,2
22,3578,5
2669,1221,4
5787,2006,4
338,3360,4
2670,3418,3
3368,1210,3
3272,454,4
687,2406,5
1260,3823,3
3768,555,4
1680,3081,4
4140,3584,2
5954,2011,3
2990,3814,5
3929,2421,1
1599,2423,4
105,3256,4
5950,2532,2
371,1500,4
1121,1719,4
327,2035,1
1182,112,2
2489,586,3
5172,930,3
5229,2013,4
5684,1917,1
4958,1945,3
223,3101,3
5079,1233,3
5361,2501,4
5628,1449,4
4843,480,3
4736,839,2
4258,3552,5
1684,2671,4
5775,1517,2
2374,3396,5
4354,2003,3
4796,2393,2
1817,512,2
3224,539,5
5530,3108,4
5173,457,5
5136,3210,3
3242,1876,3
5271,2469,4
1714,2000,4
5307,2701,1
2909,3543,3
3209,1626,3
889,916,4
1701,229,4
3205,2966,2
5289,2929,4
136,1641,2
5684,2396,2
714,2688,4
409,1220,4
3045,2527,2
1399,3006,5
3716,2841,5
1939,2617,5
635,296,4
5634,1020,5
698,924,5
3450,39,4
1354,282,3
1613,2420,4
5482,1952,4
1422,3105,3
1362,3895,3
4777,3104,3
2030,1926,3
2124,1711,1
3436,1263,5
979,2944,4
121,1265,5
4359,2941,3
3539,506,4
3539,1600,2
664,3821,4
4312,177,3
731,2102,4
1244,3510,4
1969,1148,5
663,110,5
3648,3409,5
1481,3260,4
338,1302,5
2181,2310,4
2986,1643,3
4447,2407,3
1056,1270,4
1941,1620,4
2581,1396,5
4345,1340,4
3791,3145,3
5860,3397,3
2941,1610,4
1334,2762,5
309,2407,4
1842,1080,5
2447,671,5
2079,2841,4
2766,3836,5
1155,165,3
869,1126,1
1455,892,3
936,2394,4
1919,2004,4
2419,5,4
505,2628,5
4457,951,4
3391,1884,5
1966,902,4
4022,2394,4
3998,735,2
3425,3358,5
757,2841,3
4169,2732,5
1897,3357,3
131,1136,5
2063,3691,2
1104,2336,2
3729,2872,4
5017,1240,3
4169,1041,5
4169,1484,4
746,10,2
3054,144,3
3827,487,3
4705,838,5
4762,1234,5
1729,3355,2
933,648,5
4904,3175,5
2106,1046,5
5046,2795,4
5954,2862,1
129,3763,5
5996,3638,4
447,1962,5
439,3948,3
2383,892,4
629,3944,1
4253,1387,5
1332,223,1
5802,741,5
5755,835,4
3582,1031,5
3777,637,2
5856,589,5
929,1957,4
4318,2000,4
5765,1015,3
429,3785,3
5277,861,4
5334,263,1
5762,971,3
1676,2389,1
1466,1370,4
2609,2712,3
1880,3300,3
143,2700,1
4436,2502,3
5786,2000,3
1836,125,5
5746,508,4
3778,119,2
426,533,3
1264,3441,4
3265,1060,5
2303,1265,5
5026,910,4
3423,1270,4
5946,440,4
4373,34,5
4114,2137,3
4087,2959,5
1476,1997,2
3561,2518,5
4937,1279,3
137,1732,4
4186,2502,4
3268,223,5
3576,1299,3
2012,1031,3
4217,1927,4
50,3717,3
2192,653,3
1381,527,4
4954,2978,2
5008,3030,4
1470,617,2
5381,1968,4
2676,3929,5
4448,3819,5
4702,1230,3
245,923,3
1069,2272,5
476,2470,5
705,2019,5
5260,2791,3
1698,356,1
1626,3755,4
3284,2352,5
1448,1214,4
2566,2422,3
5120,3763,4
6030,32,5
5098,1035,5
4028,2683,5
5172,2770,4
1641,3565,3
1047,1573,4
1889,3698,3
5252,1952,5
4312,2692,4
5338,2571,4
1096,1750,1
5775,1095,4
2733,299,4
5754,2571,4
4857,1711,4
4430,1693,3
3872,32,5
163,3300,4
5167,1240,4
5937,1273,4
394,380,3
3712,2105,2
5420,986,3
2814,204,5
3834,1206,5
4032,2921,5
5861,2184,3
4169,207,4
2795,780,3
3717,1617,3
3389,3081,3
3057,2236,3
721,1717,3
1908,289,3
2872,481,4
3626,1616,2
1629,1242,3
2096,3543,1
1345,3175,4
498,3179,4
5762,830,4
4389,1124,3
380,34,5
2640,3624,5
4141,551,4
4530,2858,5
5535,1196,5
4260,1258,3
5305,2140,5
3539,2140,5
3514,1639,4
5142,3654,4
549,2460,1
1015,2272,4
453,2105,3
3688,1500,5
3507,2133,2
3569,1269,3
287,2692,5
1338,593,5
2173,2243,4
4253,111,4
3948,916,5
314,300,3
4328,2872,4
1780,3024,1
3472,1213,5
3648,587,4
2718,1961,5
4808,2313,3
2340,2683,5
476,3345,4
435,3836,4
4831,913,5
4887,3448,4
5502,3671,3
1119,2093,2
1941,2393,4
26,804,4
5593,954,4
1733,2193,4
3662,745,1
4819,1682,5
699,1385,4
2106,60,1
721,1873,4
5256,2085,4
5763,3478,2
4508,3386,4
2016,912,4
1000,1291,5
1141,2501,4
482,2922,4
887,260,4
136,595,4
580,3062,5
5335,1449,5
5536,3724,3
4079,3546,4
2757,2203,5
1516,24,3
2206,1673,4
1396,3255,2
3643,1517,4
2461,2,4
5831,2660,4
2966,3429,5
1143,2020,4
5450,592,1
4169,584,4
4556,1210,5
5367,3385,3
2279,3770,4
3431,2013,4
1207,532,1
1699,2726,4
5838,914,3
3599,2881,4
4169,1098,2
1088,3552,3
3329,953,5
3111,3146,5
1598,2140,4
1272,3398,4
5285,2490,4
4837,3688,2
4312,3269,2
5747,1826,1
5553,1270,2
4682,299,5
4788,3210,3
2323,3590,2
4633,1028,4
4227,3246,4
3032,2160,5
788,3175,4
3729,3108,2
199,450,4
3773,910,4
5650,170,2
2878,580,4
2900,3668,4
3900,2478,2
4478,1136,4
1995,3316,4
5922,364,4
3380,541,5
5957,1377,4
2263,3063,5
1218,2186,4
527,2706,5
2731,1580,5
3618,3534,3
3825,1370,2
3720,1280,4
1884,3409,4
1765,3745,4
2681,218,3
3618,2414,3
1128,2640,3
5766,3466,4
175,2291,4
5566,2064,3
754,3534,3
4490,2428,2
4889,1080,5
4510,1345,3
159,2724,5
2847,527,1
4263,3203,3
601,193,2
4736,590,4
1741,1237,5
673,2337,5
3796,1588,2
1980,2252,3
2167,610,2
3944,2469,4
621,196,3
822,45,1
2410,971,3
5780,47,5
2777,3535,2
2428,597,4
531,357,4
1010,1101,2
9,2302,4
538,318,4
4167,2987,2
4089,2867,4
1503,480,3
4946,922,4
3709,70,1
2279,2371,2
5387,1348,4
319,3501,3
4506,3271,4
48,453,3
5512,1801,5
3766,2558,3
337,153,3
1041,930,5
1399,1965,4
4204,527,5
4367,1064,4
3556,260,4
3931,2710,4
4387,1237,1
854,288,3
3253,3094,4
3168,2762,5
752,2058,2
4292,95,2
4874,378,3
2765,2916,4
2854,3897,5
351,1240,2
1632,2527,2
2566,1032,3
5627,1995,2
5638,1584,3
4169,1230,5
4328,3421,4
44,1394,3
5686,733,1
3696,3253,3
963,1674,5
3824,1031,3
1152,2600,1
3539,322,4
4568,1593,3
5524,2324,1
884,608,4
58,3175,4
5054,1449,4
3914,2916,3
3041,3081,3
27,1207,5
4354,2531,5
1527,1267,3
2797,1896,3
5463,3098,4
5998,151,2
3590,474,4
4183,648,3
5949,3858,4
1044,1371,2
5718,272,4
4506,976,4
3476,3681,5
1299,198,3
273,3178,5
3356,3811,4
1237,253,5
2304,1186,3
2092,3317,4
4030,3617,3
2810,2882,4
2483,1086,4
4562,535,4
3735,2028,4
438,3354,3
5270,1345,4
2537,673,1
2472,3254,3
3808,2900,3
4186,3733,2
3762,1994,3
3671,2987,5
4827,2490,3
4122,2700,4
3020,1219,4
5759,2723,4
4521,1252,5
5081,1197,5
1306,2580,5
5621,3067,4
2756,3535,4
5333,1517,3
2030,1175,4
4470,380,5
155,2717,2
4653,1939,4
3029,3189,3
4610,799,4
2587,3256,5
4523,3795,2
2173,1222,5
2898,1982,5
5787,2020,5
4801,1097,5
2237,2757,4
4681,1079,5
3907,1884,1
1559,2040,3
3618,1591,2
4580,994,4
4163,785,2
1699,1088,3
1113,1080,5
779,2485,3
5468,3174,4
4084,2300,4
4501,2657,5
5820,2686,2
5762,952,3
3579,589,4
2047,3438,3
4470,2763,5
4648,2628,4
3794,2987,2
1793,2808,1
3184,2352,5
5788,1552,2
5595,2606,4
3806,2368,1
3589,1460,2
1193,3114,3
5753,2160,5
3862,2571,5
4048,500,3
4085,2947,4
1912,1719,2
3292,3808,4
2124,1635,4
1800,3020,3
4406,327,4
5208,2858,5
5794,2,5
1646,3160,3
90,19,4
918,830,3
2946,1965,4
1356,165,1
1489,2300,4
2041,1029,3
3196,1060,2
4951,2924,4
3014,3649,3
1297,1472,4
4440,2248,4
2098,2012,3
4473,2313,4
4568,165,3
2453,2067,3
1244,168,3
1883,1683,3
2311,2160,2
1962,219,2
5256,3251,3
2990,1220,1
2700,1625,5
3675,457,4
5166,2932,5
4459,1449,4
2772,780,4
2016,2266,4
5925,3105,4
2438,1095,5
4459,3081,4
3066,2291,3
3706,1073,3
4425,1416,4
3841,2367,3
5654,3148,4
425,858,4
1896,1304,5
2859,1617,5
5026,1958,2
1837,3401,3
749,1221,5
2679,849,1
5734,932,5
978,2337,4
714,719,3
3138,2294,3
2018,1263,4
5960,2574,3
1451,1658,3
3114,63,2
4976,3717,4
876,2391,3
1244,2643,1
1343,348,4
4024,2722,2
5684,1350,5
3956,3751,4
1579,318,5
1617,3555,4
1654,3911,3
1698,1339,3
3184,2572,4
2901,1748,4
4816,650,5
3872,1968,4
4571,1358,4
482,2918,4
4040,1370,3
173,3200,4
3526,3005,4
4484,150,4
2683,2145,4
1031,3406,4
2096,589,4
5352,2159,1
4868,1278,5
308,215,3
1451,3915,5
936,2858,3
1748,3111,3
4906,2058,4
5070,858,3
4543,3524,4
2986,2144,3
3265,1252,2
1420,3911,4
1260,2890,3
3967,2324,5
4042,2108,4
4708,3421,4
4337,2858,5
3842,1049,2
5553,1527,4
5677,2997,3
4640,2005,1
1485,1270,3
588,1963,5
4328,1258,5
5733,318,4
3792,3552,5
1124,3471,4
5558,3489,3
2684,2243,4
4373,965,5
1742,3439,1
3850,524,4
1556,3555,4
3699,1079,4
4285,497,3
2100,1028,5
1202,1253,5
359,1270,4
4058,1027,4
5731,1214,3
5443,196,4
699,208,2
3725,1401,4
5749,1178,5
3418,357,5
95,920,3
5268,804,3
5594,903,4
5775,3252,4
4725,3701,3
88,1259,5
5734,417,3
5892,1835,1
5589,1909,4
2030,1019,5
2299,1573,4
928,1288,5
1465,3347,5
4792,3107,2
4112,2724,4
553,1612,4
3618,3103,3
4155,3686,4
352,3160,5
4083,2302,4
616,2858,5
4725,3763,4
5763,2243,5
3453,13,3
988,1299,5
1533,2020,4
984,3160,2
3510,1500,4
4277,2081,4
4166,2741,2
1050,52,2
4577,1304,4
5166,3629,5
3207,2366,4
4824,300,4
1146,2688,2
3816,2376,4
5673,432,2
4387,415,3
1636,2686,5
2088,2311,4
245,3697,2
836,3273,5
2057,2070,5
3283,1220,4
2913,3499,3
4510,2870,3
695,3273,2
1803,1845,4
1130,112,4
1034,1958,4
2565,1873,5
3650,605,3
2698,39,4
480,2447,2
3311,3177,3
5100,2692,4
1920,186,2
3829,180,2
2427,2975,3
3128,688,1
4048,2092,3
4896,3556,5
2793,1222,3
2380,3552,5
216,1863,3
343,1909,3
1166,2948,2
2023,2431,2
482,2550,2
712,788,3
5241,909,5
3513,3526,4
17,3662,3
1624,165,3
5341,3424,4
1113,50,5
5744,1095,5
3439,1210,5
1920,1226,5
3796,2054,3
3824,2528,1
5302,2558,2
2934,277,4
873,1144,3
6020,457,5
4318,788,5
4870,969,4
4089,920,4
5078,2352,4
1392,3039,4
2344,1378,4
4748,1500,2
401,1517,4
411,2916,3
1912,3504,3
4502,832,3
3763,3814,3
5211,2174,3
5220,1193,4
2841,2329,3
2872,1747,4
4379,236,3
4219,2527,5
4203,1662,1
1641,480,3
1297,1924,4
2263,2167,4
1084,163,3
5369,3039,3
5433,288,3
4510,1688,5
4140,1541,2
5011,2723,5
5289,1206,4
4508,3224,4
5074,1235,5
4041,1686,2
4335,3755,5
3353,2818,1
2067,1196,3
100,318,4
1053,2916,3
3039,897,4
3272,2985,4
4416,1222,5
2068,3107,4
2106,2793,1
1298,2064,4
4005,1408,3
3507,2123,3
2424,2403,5
2237,475,5
105,1200,4
1303,1204,5
3841,2361,4
786,2528,3
3587,2921,5
5433,3624,3
581,892,4
1628,2736,4
3031,2110,4
1475,377,1
4704,1389,2
193,2987,4
2376,2467,4
224,2174,3
5246,3147,5
5755,703,1
157,281,3
3363,7,4
2413,2000,4
2919,70,5
806,1931,4
1089,1909,4
3128,52,3
5026,1603,2
1764,1479,4
1272,2376,3
4773,34,4
2583,3098,5
2130,3928,5
31,3088,5
5059,736,4
5070,1294,3
1866,3869,4
4736,990,3
151,81,5
2429,3361,5
4725,93,2
302,1562,1
5636,2921,4
1599,588,2
5140,1673,2
4235,480,5
2627,3893,3
1062,588,5
3741,1,4
3841,922,4
3093,3301,3
5501,1214,5
3182,3398,4
295,1912,2
2549,1580,4
3982,1088,5
6035,3053,1
5304,3481,5
2010,1754,3
4730,3763,5
1206,1196,5
3004,527,5
3196,2087,5
945,3684,3
1501,3385,3
3569,2041,2
2882,788,2
854,1200,3
3349,367,4
1449,3260,2
3356,631,1
4285,3769,2
3520,2918,4
533,1921,3
1434,1032,2
302,135,3
2496,3114,3
767,454,4
1551,1625,2
3445,783,3
5448,3095,4
377,1097,5
2810,1580,3
4824,1263,5
4277,3020,4
2500,3366,4
5000,24,4
2581,2183,5
5131,2420,3
5847,361,4
4085,2858,3
608,3285,3
4562,1225,4
5161,1589,2
4003,3783,4
2023,3409,4
2419,516,2
1717,3929,4
2088,1924,4
2918,851,4
3064,3408,4
4921,1125,4
4285,836,4
2353,1290,4
4303,1214,4
5888,3359,5
5684,2353,2
5788,2241,3
2121,899,3
260,2105,4
4379,1320,2
2186,1785,3
4637,2903,1
5955,2096,3
3285,2571,5
482,3148,4
877,3745,4
1447,1129,2
409,1580,4
3824,3949,5
2317,3717,4
3948,946,3
6007,1216,3
710,160,1
4780,1036,4
1593,2997,2
3110,1910,3
5524,1944,4
381,924,5
1602,2355,5
1631,637,3
4272,2662,4
1306,3481,5
5114,480,5
3368,593,4
2776,296,5
3920,968,4
355,1747,2
3159,2709,3
5645,2398,4
1345,2171,4
4663,1641,4
133,3844,5
2044,1394,4
5327,2288,5
3945,1393,3
1289,1225,5
3630,1073,2
1807,356,4
352,1334,4
3285,2114,3
4122,72,4
4508,2140,4
1561,617,4
2820,2919,3
1130,1136,4
2777,1457,4
6016,3247,2
3603,1732,2
5728,316,5
1635,442,3
5547,1357,4
3272,2288,4
173,670,5
3729,292,3
5661,3070,3
4922,62,4
2766,3751,2
2737,1693,3
5978,1320,1
1779,2858,5
3997,1233,5
366,1196,4
2779,919,3
1941,589,3
2909,2455,3
2913,1361,5
4647,2763,4
2077,589,5
1230,2841,5
1165,2407,4
476,421,2
4543,818,2
212,1614,3
4049,750,5
877,1343,3
5399,1676,4
5143,2861,4
4303,1668,3
2986,3255,3
1607,1161,5
3267,50,5
4823,1240,3
3769,1968,4
3067,344,3
5107,3039,3
2895,2433,4
5553,2112,3
2777,2384,4
710,2169,2
4333,1917,4
5458,3178,4
3621,2150,2
1476,1639,4
2507,2112,4
550,2947,4
1116,224,2
3562,364,4
4924,527,5
2765,1394,3
4908,1073,5
53,3600,4
1415,2282,2
1181,3813,2
3442,1240,3
1261,1440,3
5432,1648,3
376,1213,5
2540,3927,4
4132,2997,5
4377,1599,1
149,1060,4
482,2144,2
4510,2752,3
5848,527,5
3592,1380,5
2820,3392,2
3635,3074,4
235,1732,5
3569,1339,2
4955,595,3
539,1676,3
2507,2081,5
2665,379,4
3490,3000,4
3172,50,5
3892,1304,5
3885,1921,5
5755,632,4
5902,50,4
5812,410,3
846,3698,5
255,2423,5
2857,1987,3
998,162,4
5677,3499,5
796,3543,3
5526,3360,4
1034,1022,4
3361,1376,4
2829,3503,4
4784,74,3
3823,3681,5
4561,1777,3
5971,10,3
1982,3253,4
856,110,4
1675,2006,3
4287,1129,5
1030,110,5
3001,481,4
2784,1408,4
116,2699,4
781,216,4
329,1416,2
5005,2397,3
355,10,4
1135,2640,5
2643,3735,4
1015,1258,4
3961,1294,5
2616,1885,4
2419,3896,3
5107,3252,1
2950,1408,4
2753,1959,4
2493,924,3
5874,1272,4
1425,1673,5
5163,1276,5
1033,1201,4
2501,924,3
4786,2565,4
3546,2064,4
3992,3654,4
5806,1946,2
4958,910,3
4250,1835,5
4748,1845,4
2520,345,4
2481,1923,5
1579,36,4
3454,1240,3
4608,3261,4
840,3101,5
5526,3069,3
2794,3763,4
4478,3254,3
5530,2115,4
5156,3204,4
4361,329,3
1317,2948,4
1502,3264,3
2786,1945,5
1448,3527,2
1408,1370,2
3683,714,3
5516,1307,4
6016,534,3
2974,2100,5
1980,2474,3
1244,544,2
3171,1248,5
2202,2396,5
5705,1393,5
5811,1635,4
4823,1293,3
4448,3238,4
4153,2701,2
5124,852,3
1306,1253,4
3138,2916,4
1324,2841,4
4298,3671,5
5595,3384,4
3602,3478,3
3853,1288,5
2655,3752,3
5386,547,4
4979,2286,3
3015,1511,4
3675,2706,4
3673,1094,4
3614,648,3
655,1695,1
2990,1354,4
5776,1527,4
26,2020,5
2211,587,4
1861,898,4
2777,135,4
1266,3111,5
5652,724,2
5300,1997,4
5719,3600,2
1017,2712,1
1218,1969,1
1639,1997,4
631,1912,5
4294,1246,5
1134,1949,4
4380,3578,4
2941,3175,4
5630,1202,4
199,173,1
5209,593,5
3125,553,3
4850,2762,5
1001,3863,4
1032,2427,4
696,2966,5
31,2870,3
3864,3808,4
1587,47,4
5536,1614,3
2136,3753,5
5812,1960,4
1203,1049,2
3500,2701,2
4086,1527,5
4028,1614,5
5111,3246,5
3727,3019,2
5574,2123,3
5976,1258,3
4212,527,5
2050,1569,3
2116,1073,5
1624,3662,1
4169,1183,5
5771,2450,1
225,3608,4
1831,3005,3
5711,2688,4
4814,2174,5
5333,903,4
299,953,5
2978,2946,3
2386,3114,4
415,1274,4
3829,1798,2
3007,1612,5
293,2145,2
5128,3682,4
1125,708,5
5682,354,4
3729,349,4
2792,1220,3
3512,357,2
3999,489,2
1983,1080,5
831,3173,4
4635,1617,3
702,19,2
5333,2413,3
2849,910,5
2272,1200,5
2526,2534,3
349,1393,4
3718,1230,4
5185,11,4
1912,898,3
1489,955,1
149,2344,3
5837,95,4
198,1214,3
5916,3459,3
5120,1252,5
2353,2028,5
4169,3703,4
4079,2797,5
4390,3418,3
4647,1610,3
5907,905,4
424,1268,4
1676,3669,3
3353,2804,5
752,3617,1
3309,2302,4
4802,2240,5
641,1148,4
5615,2746,3
2354,1129,4
3590,3591,4
5317,3686,5
5889,1957,4
2310,1199,3
5664,2000,4
112,1284,5
187,2329,5
3479,1302,3
466,2208,5
2419,2409,4
2211,314,5
2761,2003,3
3276,1721,3
4384,1376,3
3209,1370,3
4375,2717,4
25,2712,4
4021,2457,4
3075,1947,5
2124,3499,5
3271,1286,5
2649,3543,2
1120,1271,4
1729,2775,3
4107,2772,2
3441,858,4
1112,3005,3
5511,3070,4
2181,2089,3
4058,1610,5
5065,1961,5
687,2628,5
2096,938,4
4482,358,3
1842,2806,2
3032,250,5
3891,2942,3
424,2916,4
4753,3078,5
4250,21,4
2909,1307,3
3650,866,4
1333,50,5
2913,3421,4
3667,3754,3
5108,1221,3
3842,3578,2
4658,364,4
3306,969,5
3093,3948,2
3948,915,4
5954,1947,3
955,1500,5
4995,454,3
5605,3526,3
424,1363,3
3054,1240,4
2730,3930,3
1088,788,3
984,2396,4
3808,3422,2
1764,3552,5
3163,282,5
5273,3307,5
429,3901,3
4526,3093,4
1524,3859,4
3519,1285,5
2679,1035,5
1744,2866,4
4754,1291,5
143,2706,4
5647,2406,3
4261,849,3
2860,926,5
4227,3438,1
1764,507,4
4808,3594,3
3123,2716,5
3504,1580,3
1753,551,1
1466,429,1
2038,1500,4
4711,366,4
132,3361,4
4049,2530,2
558,2469,3
2754,3421,5
1722,2640,3
4834,50,4
324,2724,4
4156,2642,3
2592,1036,4
2990,1247,5
4663,1963,4
3208,1393,3
406,1090,5
970,1957,5
5548,1883,3
2149,3785,3
4169,2753,3
960,2385,3
743,648,3
2792,1270,4
5838,2641,2
2674,1306,2
2857,1222,5
516,2359,3
922,955,5
5076,3087,2
454,1413,5
2931,1744,2
402,1171,4
1780,2124,2
5576,3668,4
2975,39,4
1609,2289,4
808,1969,3
4402,1092,4
1635,2430,4
733,1394,5
3626,485,3
4823,653,2
3989,305,3
1812,1441,5
3005,2628,5
1945,3022,3
5972,2243,3
5211,1210,3
3217,2942,4
3450,2599,3
2126,1214,5
203,832,2
352,1407,4
2670,2194,3
1322,1950,4
3841,457,4
5086,337,3
4771,2160,5
2924,2688,3
651,3090,4
1168,2567,3
4437,494,5
238,1954,4
1786,3753,4
770,3040,5
4083,3604,5
4610,2405,2
1047,3578,5
689,2530,2
1120,2371,4
1680,1097,4
1538,3095,4
4049,1391,2
575,368,4
4227,2137,3
107,1949,4
5664,1265,5
5955,471,4
4592,2791,5
4672,2369,4
4389,2598,2
2526,1641,3
786,780,5
5868,2396,5
595,1794,4
3410,1673,3
1322,2739,5
1051,1407,5
1338,858,5
1284,2762,5
1340,3255,1
5015,2100,4
1639,2518,4
2132,1196,3
5744,2657,4
2180,3082,5
2445,2041,2
2342,110,2
5645,367,5
5847,1028,5
18,783,3
4902,2012,4
1897,334,5
1183,2407,3
1680,239,5
4951,903,3
1181,277,2
53,2394,3
1940,2000,4
2258,1028,3
4476,1253,3
92,368,4
5448,914,3
5922,1678,4
2023,1777,3
970,540,3
529,2659,4
6031,541,3
3024,1912,3
661,1304,5
3393,1199,4
20,1694,3
1465,2929,5
2414,1947,5
3855,2883,4
2840,2890,5
3610,1213,3
4509,441,5
1960,905,3
3917,357,5
4578,3450,4
1128,1213,4
692,1569,3
4950,2333,4
2103,913,5
5457,2572,3
948,1274,3
231,3114,4
1015,932,4
5536,104,3
1392,1234,5
2691,1259,5
4021,2080,5
1532,2908,5
1863,3307,4
143,733,4
889,1834,3
1556,1136,2
888,1580,3
2200,2393,4
4643,73,4
536,2312,2
319,1189,4
4523,3608,2
157,2750,4
4078,2371,3
1136,1249,2
1702,1527,5
3850,1608,4
1998,3429,4
2156,1,3
5164,1944,4
53,2841,4
4964,1617,5
5105,858,3
3349,552,3
5011,3060,5
5501,2643,1
4957,2301,3
284,3159,5
895,2724,3
4285,1028,5
5472,915,2
3067,2302,5
5614,1371,4
3313,150,4
4979,1334,3
4981,1666,4
1544,3578,4
1117,866,4
4810,2490,3
343,1372,4
2341,3481,2
984,1614,3
770,19,2
2624,350,4
2247,2355,4
1285,3826,1
1466,2858,5
225,342,4
1146,1370,2
5788,2023,3
2116,1036,4
1812,3826,3
139,3740,4
5722,2708,4
3934,1718,2
1885,2792,4
2583,1350,4
4887,778,5
3716,1358,5
2625,3196,5
2907,1598,3
3491,1626,3
5755,2398,3
2529,405,1
2497,1214,2
3970,2058,4
1376,3016,4
2978,296,4
2611,592,4
331,1220,4
1203,172,3
975,1729,4
5878,2006,3
123,1208,4
1139,2384,4
2668,3175,3
2144,1704,4
3414,2167,4
1124,2946,3
2590,546,1
3257,2918,5
3887,736,2
4951,3169,2
3433,1203,5
996,2475,3
4643,319,2
1172,2121,2
5035,3552,4
2247,2395,4
2244,594,5
4490,1097,4
2396,50,5
4782,3462,5
5250,11,3
796,2406,1
3259,224,4
639,3107,4
5345,2369,4
401,434,3
3539,2,4
3939,1218,3
4085,3071,4
1941,2790,1
1015,175,3
4598,911,3
5512,1198,5
530,3471,2
1317,1957,4
3520,2431,3
3539,295,3
645,1225,5
1819,2005,2
3952,969,5
3585,2019,5
3026,3306,4
3201,838,4
4123,2716,3
36,556,5
1647,2986,4
2841,441,4
2643,2022,4
5270,1210,4
3417,2174,3
4094,25,5
4077,924,4
950,32,4
2680,3307,3
5185,2671,3
5881,1339,4
5983,1396,3
5621,2384,1
1181,2731,3
687,2291,4
5789,1375,4
5787,1617,4
2237,1873,4
2753,3533,3
4973,2355,4
2916,3108,4
813,3897,5
127,288,4
5035,1394,4
3507,164,3
4124,1372,4
6006,1688,1
3146,1673,3
4726,34,5
3675,2463,3
4903,919,3
3271,3259,4
2820,3639,2
566,1676,1
6022,1259,4
1125,3249,5
225,446,2
802,1198,5
1667,2756,3
3423,2746,4
5516,1801,2
3036,3435,5
5170,665,4
3109,3793,4
4715,3480,4
5120,3706,5
631,3385,2
1611,1995,2
889,2003,3
476,934,5
1922,1617,4
5163,1395,2
2967,2144,2
5948,2303,4
3473,1914,5
3157,1288,3
4593,4,2
1010,1658,2
2208,492,4
352,2329,5
224,2108,4
270,3461,5
5367,1344,4
278,3833,3
1298,3405,4
2484,2194,4
3174,2762,4
1124,3,3
4343,1732,4
3842,1234,5
2837,2359,5
1378,1212,5
4430,1609,1
3963,1307,4
3224,2471,3
6010,2716,5
5271,3089,3
4959,2396,4
2659,1203,5
2168,1702,2
3768,3740,3
5868,1250,5
3093,2076,3
3957,1242,5
2781,2976,3
5256,2124,2
4195,3684,3
3724,2788,5
515,446,5
3986,3174,4
4472,2875,4
3916,2064,5
816,2885,4
2860,3214,3
1244,517,3
1607,1482,3
2609,1953,5
3853,1954,5
1057,2662,4
609,527,4
5734,1269,4
334,3155,4
696,1204,5
1194,2012,2
3301,778,5
3654,449,4
651,3768,2
3265,1215,3
5019,593,4
3586,2745,3
524,2791,5
4784,2987,5
1639,514,4
551,589,2
2878,2469,3
5795,2709,4
1626,2149,1
4825,595,3
1958,2918,5
714,2394,4
3727,724,4
5211,2145,4
4715,442,4
453,70,4
4186,405,1
424,2232,4
4373,923,5
569,419,3
5809,3108,3
2427,2806,4
3770,1104,5
1501,2528,4
5326,1994,1
3538,32,4
560,2692,5
5514,2762,5
5767,1221,4
5780,2490,5
4156,2947,4
3754,3384,4
4409,3113,3
3792,3387,2
3259,1,4
3745,5,3
5249,2003,1
3841,2459,2
5443,3108,4
307,1299,5
3668,3791,4
3312,3081,4
2172,3936,2
193,2186,4
4315,1517,3
3547,1036,3
1285,674,5
2056,1127,5
2895,1660,4
329,266,3
1451,2642,2
4662,216,3
5183,2502,5
2304,2890,4
146,3099,4
770,3107,4
3768,2287,3
4246,1215,4
3352,2428,1
869,3024,2
1980,1556,1
1264,1208,4
4414,317,4
178,2407,4
409,260,5
76,2289,5
1586,945,5
4510,2670,3
202,588,3
310,2906,4
3516,3825,3
1697,2302,5
3167,2275,5
3143,318,3
131,2696,4
4007,1320,2
648,1095,5
4980,1923,3
1100,2716,3
3280,1091,1
4468,899,5
5878,908,5
5634,2081,4
1465,1206,4
350,329,3
2850,1615,3
1659,2399,4
5826,1446,4
973,2294,3
3487,1254,4
461,1939,4
64,2913,4
937,2541,4
183,2616,2
5341,2018,3
3886,223,5
5682,1603,3
2445,1385,4
4754,1959,3
5797,674,3
2909,15,4
4078,457,3
4506,3732,3
3418,1777,3
5311,828,4
1160,2716,5
3401,3551,4
1320,3623,4
4344,1376,4
4302,1196,4
223,2393,3
5457,1253,4
5452,176,3
373,1073,3
2946,3,3
3568,1909,4
2857,3708,3
3384,1327,2
718,3784,4
5109,1304,5
3871,2770,3
1775,1960,4
1018,3494,4
558,457,4
3346,3424,5
1150,278,2
1524,3408,4
2195,1097,2
5394,724,3
5163,2640,5
1960,150,4
302,1876,3
438,3189,3
975,1584,4
4868,2294,4
352,1256,5
24,1259,4
549,1127,5
90,376,3
537,1225,4
5263,3697,2
5241,1247,5
1984,3,3
1632,2530,1
4544,1207,3
3945,1282,4
5516,480,3
1755,903,4
4356,235,5
2460,3114,5
4736,364,3
4750,3675,4
770,1378,1
4624,58,5
3508,1240,5
1920,2004,2
3778,2815,3
5556,783,4
1726,459,1
6010,1125,4
5029,367,5
3713,2989,4
3320,1304,3
4354,2375,5
3428,265,1
3841,858,5
4157,110,4
4449,457,4
2453,253,3
1266,52,4
5000,457,5
5613,3671,3
3565,1722,3
549,1,5
664,3753,4
4907,912,5
2600,1097,2
1779,69,3
2041,3152,4
2090,260,5
1057,3897,5
462,908,4
2748,1580,4
5620,1259,5
3387,1923,2
2856,457,4
869,2657,4
4294,1784,1
5444,3273,3
3829,1244,5
2419,3269,2
1768,2410,1
3900,353,3
2035,592,2
316,3702,3
904,1378,4
424,441,4
793,2126,4
995,1265,3
4979,34,5
1743,1252,5
2628,151,1
1952,3509,5
3957,3467,3
3007,2829,1
2724,919,5
5317,3707,5
5706,1101,4
5493,3499,3
1647,464,3
4578,2707,1
4653,1035,4
2700,1748,5
474,1648,1
682,912,5
5250,92,1
1181,2089,3
641,2266,4
3648,71,2
4894,3751,1
1221,1270,5
1980,2725,4
2496,1017,3
3574,3299,1
2529,2701,3
1884,2947,5
2806,1197,5
5523,2141,3
749,912,5
2649,3039,3
4618,1127,3
5163,3362,5
3326,3159,5
1741,2366,5
5673,3097,4
2084,1747,4
546,3751,5
805,2485,5
3821,905,3
4922,1210,3
2793,3011,4
3547,2068,4
4053,953,5
261,2203,4
4496,3410,4
4169,2132,5
3198,2366,4
702,3430,3
631,3098,4
2699,1097,5
2302,110,5
3044,903,4
3420,1673,5
4963,1111,5
3283,1304,5
2063,656,2
3976,2318,3
1203,249,4
4297,3668,5
2883,2320,1
988,1358,4
550,3363,4
5680,750,5
1969,2138,5
4860,3499,3
2997,2352,4
4647,449,4
2165,1610,4
2462,1020,2
3910,899,5
1228,2628,2
5972,551,3
4351,3566,1
5359,1249,5
1079,3555,3
1529,3243,1
3661,2167,4
39,2763,4
3884,364,2
2944,1285,5
3340,1674,4
4562,322,4
358,3873,3
4989,910,3
1138,3755,4
1960,1300,4
4847,1288,5
4288,1395,4
4308,2976,1
1530,1267,5
1974,2297,3
476,2054,4
5394,1352,2
64,1210,4
5734,914,4
1112,1225,5
931,846,4
2206,1721,4
329,581,3
5026,968,1
3539,984,3
3780,2018,5
5482,1291,4
288,474,4
4937,3594,4
2589,924,4
4725,829,3
53,3660,3
3328,1453,4
3658,2871,3
4206,2002,3
2918,3317,4
1297,2000,4
2166,996,4
366,2951,5
1980,259,1
1910,1461,4
2042,2918,5
4447,1212,5
646,1263,4
1077,1344,4
4790,1246,3
5054,902,3
4354,1420,5
1147,926,4
1448,164,4
3731,185,2
1216,1240,4
5181,24,4
3967,2123,2
3868,62,4
5812,1663,5
3044,3370,4
1116,1663,4
4906,23,4
4007,3727,4
1317,318,4
5184,223,5
3850,593,4
4268,1207,4
3380,720,5
3401,1270,5
4411,256,4
5733,2512,5
3693,3098,5
3491,590,4
4250,2403,3
3067,2105,3
5015,900,3
5371,1291,4
3462,3033,4
2023,161,5
3948,3284,3
4448,529,4
4408,3475,5
413,1101,5
4023,951,3
2013,1270,5
1635,2006,4
4102,1128,2
4788,3608,3
927,367,3
270,1287,4
949,349,4
927,3247,3
5955,2797,4
712,2716,4
4433,904,4
2552,260,5
3083,2530,1
6,3501,5
3050,1210,4
90,2335,1
4344,2115,2
2344,2000,4
5646,1197,4
3811,2150,4
1121,3555,4
533,1197,5
2694,3917,5
4329,1729,3
1370,3660,2
5319,22,2
4789,1356,4
5916,1346,4
2887,2617,4
530,1198,5
2506,2020,5
753,367,4
5100,1099,5
2402,3366,3
1494,3435,5
587,1264,3
3049,3479,4
90,185,3
1150,2049,3
1758,1676,1
2406,1923,4
3072,2108,3
2102,2804,4
4064,3494,2
4112,1234,5
5286,2599,5
509,300,4
1242,1653,2
2261,589,5
3699,1945,5
1378,1296,5
4584,3462,5
767,3826,2
538,3113,4
3673,2291,5
5130,913,5
5561,317,3
1696,1272,5
3366,1240,4
4951,2599,4
5728,1014,4
3768,1259,4
2866,806,2
3648,2396,5
4928,1264,3
3336,6,3
5923,1201,4
4728,3247,4
3391,2858,5
3332,2701,1
4312,1856,3
5113,2313,3
2790,233,4
4118,1253,5
3504,509,3
5605,2396,5
2926,1617,4
1203,307,4
3621,1196,3
6016,1041,5
1726,2094,5
3053,2747,3
5716,3639,5
5220,3071,3
415,1077,4
1938,313,2
2946,1909,3
5161,32,4
3564,161,3
4210,2021,4
4577,2664,3
5896,2498,1
3521,2020,3
1109,1678,5
195,1556,1
3032,1214,5
3705,2908,4
4083,2581,3
2803,1247,5
3683,2109,3
456,919,3
2610,1931,4
2621,260,5
5377,2114,4
4408,2181,2
1112,653,3
2038,1081,4
1780,39,3
5063,2671,3
4524,2412,1
3957,3610,4
445,1617,4
1671,2657,5
2205,1073,4
6030,3527,5
1941,1426,4
5253,1196,5
5543,2716,4
550,3000,5
136,14,4
1173,355,3
2256,986,4
2063,1645,5
1394,1961,3
1120,1485,4
1727,1222,4
3331,2881,2
3778,1214,3
5459,2683,5
2945,36,3
2462,899,3
5976,1401,5
3049,928,5
1795,354,4
4833,1299,4
1298,569,3
4765,3504,4
5573,1635,1
119,241,3
278,2867,5
1883,1022,4
4342,1962,4
919,2664,4
4616,2858,5
1051,330,3
816,2054,3
4523,798,3
4383,593,4
4089,180,4
5084,1917,4
5109,430,4
5108,3359,3
5787,1199,5
4384,1135,3
1820,2917,5
5824,1282,4
2586,162,4
67,1276,4
4009,2959,4
449,110,5
4702,2762,5
2793,959,5
3224,2794,4
5428,2297,4
5394,2268,4
203,2589,1
550,3632,4
1449,1911,2
4408,2371,2
2777,1353,3
1425,3755,2
4002,2300,5
3544,1214,5
3353,546,1
2649,2134,3
5972,1093,3
917,3030,5
5094,1459,4
2793,299,3
1780,2948,3
5423,910,5
3976,2313,4
1727,1270,5
2895,474,4
3042,2858,3
2740,3697,3
1230,435,3
720,592,3
1691,3882,4
4467,1066,5
3422,785,2
6002,1304,5
407,1779,1
5952,2881,4
2457,3727,5
438,2433,4
2856,2321,3
4285,1641,3
3190,2918,5
698,1288,4
2092,2015,4
2058,2568,1
4418,913,5
660,282,2
2073,1096,5
5766,2861,4
5475,2918,5
2724,2622,1
238,1103,5
3808,268,4
1449,1013,2
4699,3107,5
5220,2420,3
5747,2114,4
4411,2686,5
3784,1747,4
5638,1246,5
3836,3197,3
5111,640,3
204,761,2
2270,2716,5
1358,1047,4
541,1198,5
648,1912,5
3824,3861,3
1119,3469,4
5773,3005,4
3637,3081,2
5462,1911,3
461,1019,4
5364,2413,2
1756,2762,4
48,339,3
1658,1882,1
3521,3676,3
1897,1198,4
3681,1035,5
3454,2105,4
5733,3129,4
2162,1370,5
4802,800,5
1880,2520,3
1530,1200,4
2124,3770,2
1776,1653,5
5682,2446,3
2777,112,2
4120,1270,4
1600,2795,3
346,2804,5
3558,378,5
2435,1270,4
4479,3639,4
1172,3948,5
3044,1219,5
1632,2346,2
6036,230,3
5394,1210,4
753,1258,4
5663,1228,4
1264,3174,3
3065,1569,3
4591,382,4
163,2514,1
869,2599,5
3561,2070,4
4305,1584,4
3458,783,4
3308,2144,5
4224,48,4
4867,2797,5
5856,2688,5
1988,3105,4
3148,707,3
1303,1097,4
4415,338,3
3737,3499,4
2334,2739,5
2528,2826,3
1863,1244,5
5397,1228,5
18,1274,5
1722,879,4
2192,2006,4
2669,3543,3
3290,3865,2
3600,2150,5
4728,1573,4
4447,2203,4
2237,3094,4
1347,3555,5
2720,780,2
4946,2968,4
3432,2011,3
1117,1136,5
1856,2204,5
1889,1639,3
2897,923,4
70,3408,3
3029,370,4
587,1150,3
368,1785,4
5483,1665,4
2737,3869,3
3942,2026,1
4725,2723,3
2056,1372,5
1502,2116,2
4995,3176,4
3752,1060,1
4458,3158,3
3044,2328,4
822,919,4
4934,1013,4
4626,2470,3
2994,564,2
3001,66,2
4789,1213,5
3462,1393,5
2299,1396,4
1817,3578,4
3885,1019,5
3850,3316,3
1340,2747,1
637,1,5
4457,1865,4
4725,1271,4
2512,1221,4
5604,2384,1
4422,2567,4
691,1292,4
4152,541,3
1974,3728,3
2457,2858,2
4800,1220,4
2820,2346,4
1451,1873,5
2807,3341,4
198,2367,3
3762,2637,5
74,1419,5
1503,3386,4
5412,2761,4
1449,1078,4
3410,800,4
629,258,4
4906,1247,4
3841,3737,5
3163,2104,3
48,1374,3
5621,1447,2
2552,2145,4
3332,3752,2
4573,3038,5
3180,1097,3
4140,383,4
4117,235,5
2211,3194,3
5333,908,4
5061,3398,4
2817,1199,3
2701,1833,1
873,1252,4
2231,2025,3
2913,3098,3
1717,1340,5
3691,1132,5
3029,1562,2
1709,2141,5
1255,1711,2
6010,2599,5
2841,1376,3
3610,2934,1
5983,2529,5
3824,1035,3
5008,3272,2
391,350,2
4884,2921,4
4647,1060,4
4406,1097,4
1737,3774,1
3056,2722,3
3626,1376,4
2073,1265,4
1424,532,5
2503,3101,4
5122,3270,4
82,2701,3
1426,1201,4
2840,2428,3
3499,2114,3
1778,2997,4
573,377,3
701,2112,4
4680,1674,4
5987,597,3
3746,2571,4
1795,1097,5
5200,933,4
2181,1221,5
1954,141,4
882,3300,4
5557,3267,5
5113,2066,5
1610,16,5
2122,50,4
5443,3104,2
3159,919,4
1889,1210,5
5746,1957,2
3311,450,4
5340,1183,2
3624,454,4
6036,3546,4
2967,1953,3
4268,1608,1
5390,208,4
3032,1409,5
3768,1407,4
4220,3108,2
3401,1970,1
4447,1994,4
1812,539,3
2050,2310,3
4708,151,3
2590,532,2
635,914,5
118,1036,5
4653,3260,3
1647,2365,4
1353,3000,5
632,589,5
3370,2628,2
23,2642,1
4016,260,5
1404,1441,2
5188,3114,4
3963,2018,4
1980,1593,2
1861,3033,2
2411,2147,2
5880,1562,1
5271,1365,5
3976,2428,2
1941,2752,3
614,2089,3
3796,3447,4
980,2085,1
1845,32,2
3396,1961,2
5811,1345,4
4248,3203,4
1998,1023,5
1367,588,3
4728,3020,3
5532,1393,4
5841,943,5
3526,3033,2
4784,2423,5
45,1307,3
4238,3791,3
839,1387,5
2868,1210,3
202,2328,3
3878,923,5
3641,589,3
4942,3751,5
3026,1427,1
1343,3504,4
30,2762,4
352,86,2
1073,1704,3
2526,1206,2
3888,1214,2
1685,3925,4
2914,3948,5
4009,2902,1
2929,292,3
1010,1410,1
4829,1303,4
5166,2012,2
3518,596,3
1181,2542,3
3841,653,3
4404,2890,5
5880,3160,2
675,3005,3
1988,1393,2
2986,32,4
2873,3125,2
1778,3243,3
1639,3274,4
3816,3120,4
4647,3578,1
2446,2688,3
3292,2497,2
2161,549,5
3816,1393,4
2942,1267,5
1290,2734,4
3778,514,4
1470,3014,2
3967,2089,2
69,1233,4
2955,1307,4
2907,2178,4
1681,260,5
3490,1944,3
4345,594,4
1698,2176,4
3280,1358,5
919,1291,4
3257,2194,3
3884,2016,1
218,2396,5
3454,2006,5
3299,3604,4
4508,229,4
1161,2792,3
2155,2613,5
4510,3757,2
904,315,3
3864,1304,5
4512,165,4
5600,3723,1
1891,2605,2
4476,1211,4
3250,45,1
3401,1136,4
1347,3796,4
3512,2379,2
3615,3168,3
2038,930,4
321,2723,3
2975,1198,4
4907,908,4
3916,2022,5
3065,2723,3
3665,1035,3
5294,1230,5
474,1051,4
748,1580,4
5333,1923,4
5453,2501,3
6023,1197,5
5634,3087,4
3393,2338,2
5376,3067,3
1991,457,3
398,1479,3
4697,1750,3
5178,3255,4
884,1028,5
2848,3450,2
5158,3624,3
1865,1042,3
905,1210,3
3660,1758,3
3721,2502,5
442,1931,5
5888,2356,4
3745,3841,2
780,1587,4
1440,1221,5
2895,3068,5
3672,2399,3
463,2918,4
5531,3062,5
3371,199,4
490,1064,3
5000,308,4
5306,1962,5
5428,3125,5
5744,2011,3
2504,539,3
2156,3153,5
4339,1527,5
3280,1909,3
4510,3733,3
1298,3060,4
934,1839,1
2860,3504,4
2015,512,5
2987,2700,5
5996,1371,5
4121,1967,4
12,3265,4
2592,3152,4
4140,282,3
4898,527,5
3825,2748,3
2507,1084,5
5480,3671,4
3058,1257,3
1470,1764,3
5522,2183,2
3271,2791,4
551,1569,3
4933,1089,5
3736,253,5
3075,3105,4
5015,2247,3
92,217,1
5871,1258,4
222,2174,4
4835,1198,5
5404,1374,3
4852,260,4
1580,924,5
2459,3260,4
3561,3298,3
4446,372,3
4086,577,5
1969,586,2
4007,2617,2
5107,1788,5
889,3893,2
3029,1952,4
5107,1095,2
4083,3545,4
3017,2067,4
2974,1411,4
5016,282,5
1753,2100,4
149,446,5
225,3099,3
2116,2114,4
1542,2948,4
73,3868,4
1505,1084,5
889,1862,3
4169,3478,4
4022,3175,3
2001,2700,2
5331,1183,4
3091,1196,3
3499,2273,3
3410,1821,3
5394,1635,4
2288,1084,5
123,2408,2
1181,1942,4
1418,2990,3
5251,1580,4
424,1918,3
1564,3744,4
1578,2273,2
566,3578,2
4685,2150,4
3693,1722,3
1579,3608,2
3884,2455,3
5307,1019,5
3391,1347,3
1663,408,3
3751,3435,4
1179,2985,4
5953,2355,5
1101,2112,4
182,3174,2
5916,2289,3
4418,1303,4
4647,1888,3
1106,2407,3
3717,2710,2
669,153,2
5110,2019,5
2022,2094,3
1899,2010,3
3333,1848,1
3265,2713,2
1010,2097,3
3511,32,5
5483,3740,3
208,1407,4
5954,1587,1
1246,1527,5
1724,2628,5
5418,3404,4
4152,2314,1
3490,3471,5
2258,2078,3
4889,2028,5
3695,1713,3
3744,150,5
2389,535,3
5704,265,5
218,2369,3
3778,45,3
2109,1907,3
2681,905,4
3504,1639,3
1063,1199,5
5771,2378,4
125,3703,4
718,150,4
4928,2291,3
5134,858,5
5736,1252,4
5573,1269,4
1904,39,3
454,2111,3
2857,2279,4
1447,2413,4
4181,344,4
3910,3685,4
2532,2730,5
1634,160,2
3201,1199,3
5393,2866,3
3644,1500,3
271,2797,5
1976,3793,5
208,2396,3
743,1279,5
501,3159,4
3684,2427,5
4381,273,3
3513,1608,2
4870,155,3
4690,3004,4
1922,921,3
1737,2516,2
3371,2987,1
1645,339,4
2939,1073,4
4784,1250,5
1530,1079,4
3233,3200,3
3475,3469,3
2435,1101,3
4183,1049,2
2776,2291,3
2187,253,1
749,1580,3
3391,453,3
3442,2717,3
509,25,4
1703,2028,4
1147,247,3
1835,1251,4
2058,2763,3
5018,1231,4
1984,1982,3
5100,765,2
2743,1390,3
1422,608,4
7,648,4
4297,2716,3
347,608,5
2503,2405,3
2462,1220,4
2173,1955,4
2624,2139,4
3026,2394,3
2167,546,2
1835,2404,1
1837,2005,4
110,805,4
4711,1923,5
2482,34,3
5544,2701,1
5585,1627,4
5182,541,5
5536,3735,4
5082,1273,5
5727,2710,1
1587,2155,4
3977,356,5
127,158,4
1218,1610,4
2328,338,2
3926,1374,5
4302,1674,5
2016,971,4
1422,2311,3
710,1432,3
238,3654,2
23,3175,3
1958,2746,4
5851,2692,4
950,29,4
1635,1028,4
977,1387,5
3752,2915,3
5100,24,4
596,524,1
1846,1617,5
3778,1277,3
3942,1834,4
1675,2661,5
4104,1586,2
839,457,4
1567,3091,5
2521,1387,3
3259,2949,4
2361,2064,5
761,2571,5
4285,597,5
2438,2502,4
660,866,3
2038,3468,4
2279,2922,3
3704,50,5
5312,924,4
2496,1036,4
1680,611,1
1509,3484,1
3167,3481,4
3416,325,2
3454,409,4
1809,2762,5
62,465,5
669,2858,4
1285,596,4
845,2890,4
311,480,5
3989,3844,4
5392,1721,5
1632,1639,3
3510,588,4
4237,3175,4
754,3418,4
2466,2009,2
935,1193,5
1032,1694,5
4865,3467,4
4928,984,4
4242,316,5
3422,532,1
2186,590,5
475,1240,3
1492,1270,2
36,2967,5
1980,5,2
934,248,2
2938,2005,4
6010,2808,3
1457,1210,5
2503,2643,1
2795,3702,3
4489,2143,4
2206,1747,4
2195,2804,3
5779,2542,3
4079,3590,4
1676,1518,4
3981,3421,4
5133,3285,2
1446,3741,5
1977,3435,4
715,541,3
5952,942,4
735,3745,3
1738,223,5
1088,1688,4
3457,3408,4
2106,86,3
4064,2410,1
4675,2605,4
506,3081,3
3562,1621,4
3995,1573,3
4440,2871,4
1308,1517,3
864,1248,3
2761,2108,3
5501,1090,4
3538,1805,4
5493,2571,2
3422,2264,1
4985,1200,5
179,1373,3
4077,3438,3
4447,3726,5
1335,1719,3
4600,3785,4
2314,1466,4
203,3261,1
1408,204,4
3178,2080,2
3836,910,5
2824,1777,3
1574,2023,1
1853,2926,5
3217,1172,5
5615,994,4
2219,185,4
2575,457,4
3999,2145,3
2779,3683,4
4802,1645,2
2259,3108,5
2860,1955,4
720,2710,1
550,2428,4
1605,2391,4
1714,420,3
3011,3072,5
4543,2155,4
5074,1204,4
5096,2692,4
1579,1953,4
774,2336,3
5347,344,4
1072,3105,4
1640,3623,4
5394,1013,2
4673,2863,3
5715,1036,5
1884,3333,4
5333,2778,3
146,899,5
4869,508,5
3001,1732,4
2913,3496,2
4636,1732,1
49,2058,4
2638,968,3
4054,2097,3
1004,736,3
3476,971,5
1578,2571,5
3020,1284,4
2929,457,4
1146,1831,1
3715,1205,5
3808,3251,4
5954,1371,3
3949,2670,3
524,2469,4
2035,1035,4
4071,3082,2
4496,1387,5
3891,1191,5
5382,1136,5
5643,1206,1
4946,2100,3
3031,536,4
1142,531,3
5182,345,4
3240,1747,4
429,2571,3
1357,2868,1
1832,1613,3
1383,1091,3
1448,1454,4
570,2858,4
398,3052,4
4362,6,4
5840,371,3
1491,2012,3
4748,218,4
3339,1968,4
3493,3033,3
5821,1617,4
161,3360,5
543,1242,5
711,923,5
1096,2500,1
5024,728,4
1560,2093,4
2172,2105,2
245,2353,2
4515,2947,4
624,1036,4
3129,3590,2
2986,1999,3
1425,256,3
4357,356,4
3521,3422,3
1179,3793,4
1939,3435,5
4721,3081,5
3650,2968,3
1280,2858,5
5779,1854,2
2447,2261,4
1084,3735,3
5824,1883,4
5675,3389,3
1645,1196,5
5954,2051,2
3589,852,4
5283,783,4
3430,2890,2
5026,1293,3
3930,1270,4
83,2161,5
4352,1407,4
2243,1079,4
1890,1291,4
2847,1927,5
6037,903,5
5894,2421,2
5105,110,3
3423,3072,4
1992,2997,4
5367,2605,1
1564,485,1
1194,2473,2
56,1729,3
5757,1391,3
2219,1923,4
177,924,5
4784,3543,5
2181,3751,5
1938,2141,3
4169,2818,3
533,1222,4
49,1193,4
2935,541,5
3724,2014,4
621,1617,3
6000,1713,3
3057,2359,5
5604,1994,2
195,748,3
4009,273,2
4121,1584,4
1263,3429,4
3726,2193,3
3434,778,5
157,3334,4
948,1222,5
2457,2517,3
1015,136,4
3262,231,4
4299,2302,3
4122,3552,3
3824,2057,4
181,480,4
825,3685,3
499,597,5
5880,2290,3
4227,3477,3
2161,266,1
4906,2138,4
5393,448,2
920,543,1
839,2600,4
53,2640,5
35,17,4
187,2276,3
922,3265,3
2583,709,3
5100,1595,2
3539,2405,4
4520,2617,3
5888,1288,5
129,1472,4
2562,1375,4
2909,2719,5
5462,3452,5
560,3702,2
4510,2076,3
603,3578,3
33,1219,5
62,664,3
4026,3250,3
2888,3868,4
1451,2011,4
1593,3386,5
284,1371,2
2793,708,4
2926,1416,3
1071,17,5
3618,74,3
3765,2942,5
4449,2311,4
2507,3020,5
2810,2089,3
846,1030,4
5934,3386,3
3285,514,4
5820,3361,2
1185,2085,5
3812,2628,2
2375,2399,5
48,376,3
1804,994,3
4065,3793,5
4458,1449,3
4578,50,5
5511,2467,3
2038,3201,4
3191,208,2
933,277,4
308,454,3
660,1627,2
531,2801,2
2873,377,5
566,2752,2
3626,904,5
2018,3253,3
172,922,3
4558,1513,4
2403,2641,3
4467,1363,2
1978,2042,2
5794,260,5
2424,1552,3
3754,2463,3
2889,3526,4
2691,3114,5
5578,1097,5
3669,1288,4
4879,1371,3
5445,1254,4
3953,2021,3
2225,1663,4
5954,2794,1
3858,3194,5
1212,2023,5
1604,1729,4
3562,1407,5
1088,3507,3
1616,1240,2
1958,2371,3
4511,2694,4
2116,2771,4
3841,3711,3
4856,745,4
1599,1013,4
5818,2716,5
1733,2927,5
4169,1971,3
5812,2283,3
674,2010,4
4312,3298,3
1941,3552,3
1680,3254,3
3169,2352,4
2537,1228,3
6036,151,4
3312,1681,2
2899,1457,3
3210,3456,5
1100,3159,1
4194,527,5
3067,3703,5
3569,296,5
1369,2010,5
4265,1083,4
2749,1097,4
549,357,4
660,342,3
2092,1223,3
4729,802,3
5562,2739,4
1806,3452,5
4543,110,4
5317,906,5
3562,361,3
4957,2060,3
5651,104,4
319,86,3
712,353,5
2665,1517,4
3563,1721,3
3075,1721,4
4520,1240,5
2643,208,2
209,2826,4
5319,316,3
3832,3129,4
93,1375,3
1297,924,4
1562,742,1
4447,1388,2
1701,2336,5
2203,208,4
3778,3157,2
5011,316,4
4985,2916,3
240,2389,4
1733,2885,4
5394,424,2
3365,24,5
2688,2000,5
1940,1193,5
3110,266,2
1389,1676,2
3829,1392,4
5749,3584,1
1274,3910,3
4785,3591,3
2958,2710,3
3898,1210,3
4901,353,3
3550,508,4
5353,3250,3
3916,1591,1
338,1608,5
1943,2779,4
5976,3067,4
3261,1060,4
1181,2425,2
3201,3701,4
3158,2337,4
1605,2077,4
3457,223,4
3823,367,2
2750,858,4
5026,3639,4
1207,2785,4
5046,724,3
4172,1265,4
5082,2238,5
2344,2915,3
92,110,5
5324,22,5
2748,329,1
2199,2678,3
3618,3252,4
3808,1252,3
1150,225,2
5801,3175,3
4277,1397,4
4964,2657,4
2457,273,1
4729,3174,4
2796,3578,4
4140,3108,3
4386,3262,4
310,2354,4
3778,412,3
4354,3708,4
645,1136,5
3999,3408,4
1215,1527,4
1952,2572,2
3762,253,1
1863,924,5
4666,1367,3
5575,3440,1
3683,2688,2
3940,3326,2
3515,1340,4
3834,2640,5
3683,1281,2
4715,2333,4
4922,2001,4
5038,1291,4
1117,671,4
1252,1090,4
3968,1608,4
2228,1916,4
3929,3438,2
287,3543,4
3410,3813,4
1209,541,2
4605,3678,3
4225,2959,5
647,464,2
3841,3432,4
1117,1517,4
1279,1171,2
4096,1394,4
5824,546,1
3029,509,5
3147,3755,4
2376,540,3
2985,1527,4
3507,2371,4
3100,1704,5
4979,1244,3
2454,3034,3
3299,1279,5
3960,608,1
1125,2424,4
5868,1131,5
3345,1379,4
3957,2431,3
117,3802,3
1032,520,2
4979,3614,2
1340,955,2
17,628,4
3311,1744,1
5376,2396,4
3938,2901,4
2063,2090,3
889,426,2
5916,1650,3
1542,708,3
1238,3203,4
5620,3421,4
4632,1962,5
2389,750,4
360,1291,3
3727,2118,2
2874,1732,4
5738,608,4
329,2352,3
4220,1910,3
5493,278,2
2993,1262,5
5447,1947,5
2818,2139,4
3129,520,3
5954,2118,5
2719,2009,4
3744,2846,4
5548,2324,4
461,296,1
5689,539,4
5172,1196,3
3226,949,4
3942,1924,3
2325,2997,5
5269,89,3
2279,3707,3
5139,3255,3
4694,1272,4
469,969,4
1631,3852,3
3159,1093,4
3074,3408,5
3462,1210,3
2507,2010,4
5890,1645,2
5576,1907,5
149,1748,4
1621,3744,3
3158,2316,3
1958,548,3
904,3253,3
4568,3174,5
5323,233,4
4281,351,3
679,3702,4
2239,924,5
2492,1247,5
1298,2001,4
4923,2380,2
1974,3671,4
5170,3030,4
1648,750,4
4725,2676,3
3314,750,4
3841,3296,3
2907,904,3
4720,3175,5
5434,300,3
3395,2340,2
4887,2416,3
889,3548,3
1284,3932,3
3811,2010,4
4033,3408,4
3312,3863,4
5319,3535,4
1928,1792,3
2065,1089,5
2027,1721,4
2349,913,3
2764,1233,5
2913,3712,2
5614,1231,4
1448,2629,3
5096,1252,5
5011,1680,5
1435,1261,5
5256,2410,4
3778,1841,3
870,1517,5
1978,3159,1
1753,3861,3
3717,2421,3
4531,1204,5
2158,3361,3
3521,3361,5
3476,3363,5
5950,1503,1
595,356,5
678,2804,4
4234,1009,3
1015,1862,2
979,2993,5
5140,2471,3
1088,3543,4
3635,1068,4
5522,555,4
1482,3053,1
5664,1060,2
509,592,4
1607,2575,3
4072,1358,4
5888,2248,5
673,781,4
3896,273,2
1000,1220,4
2457,1396,5
5848,1940,4
3989,1784,5
4633,2294,3
5621,3424,5
4940,3543,4
2627,3072,3
1418,2606,2
1297,3927,4
731,1379,3
2962,3341,3
4498,1513,2
3292,346,4
1790,1272,5
5943,3552,2
3208,88,3
560,2640,3
1000,1201,5
5844,1527,5
5107,1935,4
1086,1912,2
231,1198,5
1001,1554,4
3586,1393,5
4478,1509,3
3402,3396,2
5797,1240,4
3200,1290,2
4931,932,5
1128,1214,4
5426,3269,3
1712,3706,4
1707,3267,3
284,1201,4
2737,1699,2
2280,1358,4
2695,2791,4
6036,1357,2
4177,2003,4
5539,1147,4
1942,144,3
3180,2340,2
4305,2653,4
1749,645,4
2074,3535,3
5283,2712,1
533,1266,3
2676,529,5
4075,1196,4
3884,2,4
5911,3505,3
3057,2490,2
3163,3260,5
2868,968,2
575,344,3
2675,2,4
849,1614,2
4611,1711,4
2989,780,2
3618,2640,3
911,438,4
2310,2926,4
2264,1688,4
854,3160,4
5831,1573,4
3411,733,3
551,3100,4
4505,2003,4
2909,3249,4
2913,3252,2
5571,2355,3
1199,368,3
6040,3134,5
651,1275,4
998,1641,5
5246,2759,1
1889,1456,3
889,3360,4
2575,2001,4
5352,2161,2
1861,19,2
3410,2022,3
1968,1240,5
482,2050,3
3600,592,3
4133,1517,3
3704,2788,5
445,3545,4
123,1263,5
2786,1892,4
549,529,4
4789,1476,2
2047,3174,4
2116,3784,4
4204,3104,4
3610,3948,5
868,2668,3
4831,1674,5
967,1784,4
4170,1944,3
1243,457,3
1113,2280,4
1010,3786,3
1828,2165,3
493,1213,4
4460,1732,5
4207,60,4
1882,1230,4
4629,3408,3
1354,252,4
1126,2302,3
4747,1438,2
2461,3555,1
881,2879,3
1628,988,4
3833,2087,3
3526,1917,3
5728,1294,5
5319,2355,4
2721,1197,5
4224,1256,3
531,1387,4
5888,2378,1
73,2916,5
2324,3424,5
2012,1023,3
4169,1088,3
2592,2707,4
1717,2915,5
5555,3440,1
1712,924,3
5570,3527,4
4298,2747,5
4186,2665,3
1884,3476,4
4169,3838,2
1272,2194,4
3443,1196,3
2786,296,5
4510,1282,3
3037,2336,5
5377,3480,4
3013,339,4
3836,1950,5
2129,2657,3
1941,1562,3
2771,3740,4
5340,2677,4
1916,2692,5
2934,1130,3
5594,3219,3
1780,3682,4
435,1792,3
4156,3434,4
2774,2088,5
1425,2088,2
5504,2950,2
1392,2009,3
5761,810,1
275,1225,5
5305,1580,3
2172,724,3
608,196,3
2824,2582,5
93,2115,3
5595,2701,2
1680,2240,4
2968,39,4
3539,1460,4
321,1222,4
5249,292,4
3769,3716,2
5269,2883,4
5365,1912,4
1418,173,2
602,2054,5
4591,1092,3
949,1304,4
297,3095,4
2106,370,1
786,2311,3
721,3755,3
2691,1089,5
3890,2915,5
4479,260,5
1147,3092,2
776,1286,3
2472,662,3
2419,3733,4
4032,1586,4
3003,10,4
163,595,1
1973,2160,4
2910,1215,5
2455,2328,3
1141,2297,4
4884,3256,4
451,908,4
2907,20,2
5070,2723,4
5273,3632,5
5791,50,5
3101,1287,5
1912,2420,3
5249,204,3
1884,3649,3
876,858,4
2230,507,2
1566,3062,5
520,339,4
3871,2301,4
4072,3255,3
3746,1917,3
5659,376,1
1109,1873,3
1812,1653,5
1358,1917,2
424,3949,5
2279,1128,3
2459,2628,4
2907,2058,3
1168,1914,4
5795,3142,5
2796,224,2
5536,778,3
4365,3802,1
5763,969,4
3618,1798,3
4367,3214,3
1694,3751,4
2920,902,5
4624,2617,5
5655,500,4
1449,2973,5
3693,3525,3
1281,3851,4
855,3893,4
869,1206,4
4169,3721,1
284,172,5
3050,1876,3
4169,1393,5
5631,2662,3
5054,900,5
5862,405,3
3503,2478,5
3773,1883,3
3191,1644,1
2102,2421,1
3230,3326,3
1061,3421,4
1635,1961,4
1449,3910,4
2011,3160,4
955,2746,4
3740,2348,4
2140,1238,3
1334,2023,3
3039,3334,5
1860,1234,5
2054,450,2
735,1380,4
2863,574,5
5892,589,4
4187,905,5
4149,1213,4
5831,3033,4
2550,1219,4
3947,1344,5
1752,3404,4
4573,3421,4
157,1095,5
3054,372,2
5763,1,5
5345,552,1
2537,1090,3
3278,3097,4
411,2161,3
4312,3623,3
136,2657,4
3507,2427,4
3709,1307,4
1422,2532,2
4932,2348,3
1851,3556,3
4489,1243,5
5394,2862,3
181,555,5
4118,1704,4
92,1876,2
204,1479,3
2914,1073,5
3609,852,3
889,3476,3
1860,3751,4
4932,1188,4
2304,2533,2
4140,1711,3
1764,2407,4
5785,3753,4
1644,2699,4
3823,2764,5
985,349,3
2872,745,5
5761,2406,4
329,434,3
4356,733,2
4715,1095,5
5375,1,5
5747,2021,4
2129,6,4
4007,3363,4
3285,1379,3
1193,3285,3
3266,3512,4
1364,2648,4
4116,798,4
2225,1125,4
3140,3924,4
5139,111,3
4867,2770,4
2753,2883,3
3836,2373,2
3931,7,4
686,296,4
1675,2003,3
4357,2396,3
4356,1242,4
5256,1127,4
3526,3014,1
2012,780,3
5403,2115,3
1317,2352,5
4342,2532,5
2092,2470,3
4222,592,4
3858,1129,2
3963,1694,5
3894,2396,4
4305,2581,4
3414,329,4
4117,50,5
5046,2081,2
2750,3552,4
1853,3070,4
5090,2919,5
2569,2291,3
4928,218,5
3768,2145,3
4115,3770,4
3154,3155,5
716,1527,5
2929,3100,4
2933,1573,5
1470,2818,2
1680,3435,4
2041,2241,2
5189,1200,4
4034,593,4
1096,502,1
1733,2763,3
2947,1777,3
5728,1372,3
1941,3157,4
4344,969,5
2245,2385,1
3844,3034,3
2242,2366,3
32,1956,3
3791,2447,2
4471,3044,4
1040,507,4
3129,1234,4
1699,1663,4
3974,3635,4
95,1923,4
4510,3033,2
4388,2393,4
4140,1824,3
4508,163,3
1104,1392,4
3125,454,4
1916,1701,5
99,3301,4
2636,3359,4
1243,3770,4
2969,2723,4
2189,2716,4
5824,6,3
3129,555,5
5894,2921,4
275,1222,3
3812,198,3
2247,2359,4
5654,2712,3
3885,2313,4
2668,1995,2
5042,778,4
1138,282,5
5172,1060,3
3746,2369,2
679,1200,4
2010,379,2
4902,1148,5
4543,1295,4
4605,86,3
87,583,1
3336,1097,3
1884,3730,4
982,2108,3
1134,1242,4
1599,2311,1
5074,3146,4
3140,2943,5
2368,3298,4
2903,329,5
3796,3813,4
6013,1394,4
620,1562,1
2986,1614,4
2928,1376,3
2885,3897,5
2915,3481,4
4803,2762,5
1117,2470,4
3692,1126,2
5404,3671,4
42,1097,4
5963,2406,5
4888,1909,3
536,2640,5
2219,2331,3
3841,947,3
1158,2724,4
3756,586,3
940,239,2
5854,1258,4
3420,2908,5
3194,3555,3
3272,3074,4
3618,914,5
3186,1248,5
2507,932,1
4115,2527,5
1150,2690,2
4318,2764,3
3618,1259,3
1711,265,3
3957,2875,3
2092,3728,3
202,2018,4
1177,3147,5
2737,2908,5
1150,1169,4
5539,1022,3
3167,1090,5
5754,1210,3
5974,277,3
2055,2867,5
4736,2272,4
1294,260,5
1181,733,3
3067,1611,5
1069,685,2
3669,1259,4
4482,2836,4
2190,2316,4
4956,1214,4
2144,2174,4
2340,1784,4
4800,2161,4
4637,2997,4
5312,1113,1
801,1629,3
4425,1517,4
4250,2763,5
225,3730,4
1729,3159,2
3931,2529,5
2098,2827,3
2020,3505,5
5854,849,5
1224,1343,4
220,2917,5
4398,356,5
3910,3334,5
2752,3529,4
3621,1298,4
3599,145,4
1546,231,3
192,586,2
5382,1210,5
5268,1374,3
377,3527,4
5493,153,2
4366,3608,3
1904,2126,2
4425,270,2
3292,1956,5
5156,3707,3
123,733,4
4169,1945,5
889,1973,1
1058,2628,4
4005,3857,4
1854,317,3
1348,2090,4
639,1088,4
710,3688,3
5854,532,2
4568,3163,4
5356,2553,4
4993,105,4
714,3751,4
3512,2248,4
3590,1092,5
5910,1682,5
3819,1702,3
2529,750,4
4647,3055,3
1584,2300,3
1576,1408,4
1297,258,3
131,2580,4
4083,967,2
4033,1608,4
3760,3067,3
3300,2,4
721,2763,5
5897,3102,4
2909,1260,4
1244,2702,4
5991,3030,4
934,3821,1
1607,903,5
3885,3608,5
356,3461,5
3596,176,5
802,223,4
202,1647,3
4328,2471,2
2180,2002,2
3829,2346,3
3649,1259,5
4720,2188,2
4852,3682,3
3026,2178,4
1389,3066,5
272,70,4
1139,2761,4
4094,3879,4
5278,912,5
1127,1196,5
1783,2702,3
1741,3793,4
3471,835,3
5371,1242,3
5576,3499,2
3929,1027,2
5779,2371,5
2887,168,4
4747,1597,3
3432,3614,4
1958,2245,3
5543,2012,5
2909,2424,4
6035,432,1
2498,908,3
3283,1527,5
3425,1464,4
34,2145,5
1883,1633,4
4447,434,3
2627,334,2
4299,2268,5
776,3554,4
2144,919,3
2230,11,5
3078,912,5
4323,2150,5
3390,3649,2
5550,802,4
3192,3256,5
471,3699,2
1820,110,4
3332,3408,4
3372,2184,5
546,1544,1
1338,1956,2
2967,681,3
1321,1186,4
3314,3837,5
1130,3201,4
3999,3753,4
3428,272,4
2499,3219,4
1448,2749,2
3793,1918,4
2773,858,5
4897,66,2
499,1198,5
2290,1466,3
4957,529,5
161,953,5
2611,2502,5
4238,2521,2
4531,3359,4
2440,2706,4
1764,3591,4
1675,3273,3
5082,2716,4
4163,3578,4
909,1945,5
752,784,1
3365,1587,3
6036,1941,4
216,1376,3
4124,1581,3
3169,329,4
3315,368,4
1150,943,2
2931,2918,5
3712,2706,5
4156,2334,3
3973,2949,5
3852,923,5
3774,920,4
1273,593,5
5915,3408,5
3618,3660,2
1555,1206,5
2693,2871,3
5961,3175,4
1519,532,4
3235,2724,4
5287,2478,4
3004,2165,1
3018,1672,4
2878,2139,4
352,1866,2
4390,450,3
1291,1186,5
3130,2599,4
5675,1238,5
5689,2502,5
377,1222,4
3600,1265,4
774,1393,4
1199,2762,4
2595,587,4
2808,1097,5
5390,1256,5
1599,2662,4
3793,588,3
3736,1779,5
4928,1588,3
2046,1136,4
4843,971,3
1089,2028,4
4972,2790,2
1252,940,5
5327,3072,4
1451,1862,1
3560,1265,4
4411,3157,4
1255,1060,3
3619,3053,5
5679,3418,3
3072,215,3
4377,3107,4
3387,3730,4
2567,2023,3
4802,2160,3
4961,2194,4
2179,3260,5
3568,3471,4
5754,223,4
4605,1103,4
1317,1376,5
4248,3763,4
3436,1201,5
3794,2710,4
3824,2193,3
2249,70,4
6016,3245,5
4183,1777,3
5013,1270,3
985,2857,5
4478,3255,3
671,1252,5
3265,2411,2
3243,2108,5
881,181,2
1647,3444,4
5658,2616,1
1645,1965,4
4635,2096,5
3403,3792,4
777,3701,1
1889,474,4
4381,3810,3
28,1208,3
494,1573,4
2985,592,5
726,736,4
5511,926,5
1667,3753,4
732,2329,5
3703,3799,1
2903,2012,4
319,237,3
5394,1758,4
1349,457,5
4760,2001,3
3815,3785,4
797,2006,3
3505,2997,5
549,2474,2
3705,1081,4
2362,50,4
4325,2202,3
4425,2752,3
4133,2321,2
3742,6,4
705,1997,5
3425,1273,4
1912,3480,3
3935,1034,3
702,1136,4
193,750,4
2218,144,1
4328,914,4
2581,30,5
4169,2545,4
720,1294,2
3654,3527,4
5955,2770,3
5824,1073,3
4916,2997,2
3834,1918,4
2654,1198,5
2185,1287,5
2790,661,3
1391,317,2
5056,2009,5
1434,3793,5
1741,3475,5
4725,2921,3
3253,2243,3
734,2694,4
5055,1179,4
4842,2858,5
1866,2617,4
735,2034,4
5029,2060,1
888,3114,4
4314,3660,3
975,2028,3
162,364,5
3411,1997,4
705,239,3
5015,1569,4
5270,1240,5
277,356,4
2110,1198,5
4477,2028,4
166,587,4
281,1357,1
668,3101,4
3778,1672,4
148,3196,3
3638,1196,3
3773,1894,3
4287,3740,4
1884,2013,3
5273,3152,5
2190,2333,4
587,1500,4
752,2359,5
5100,3671,5
1667,2534,3
5261,1179,3
235,3819,5
5056,339,5
2665,2011,4
4021,3401,3
5100,3090,5
4060,1208,5
3526,3409,4
3561,2702,4
5420,126,2
1285,1025,4
4748,2053,4
2631,1278,5
3626,1323,3
749,110,3
798,2122,2
3032,2119,4
5403,592,2
4169,2155,3
3261,3083,2
2826,527,3
4981,1449,4
1333,416,1
2841,2318,4
2674,1288,4
5746,2706,3
3163,1552,4
4446,780,4
1440,3555,2
1317,1676,4
4048,2142,5
2540,60,3
1377,597,3
5722,3371,5
696,3082,3
62,475,4
930,1617,3
93,288,1
6001,3684,4
2070,3863,5
90,1914,4
5580,3743,5
5185,1287,4
4026,543,4
2490,538,5
285,3949,4
5843,918,3
2581,3529,4
4656,2797,3
3946,412,4
5539,1221,5
3154,1036,2
2222,3114,2
5054,1407,4
4950,1218,1
2989,1247,4
4084,3317,5
5163,1753,1
4631,1197,5
1910,3114,4
2096,2273,5
1095,105,5
4542,1208,4
3970,1608,3
3341,3100,5
2206,1343,5
4808,44,4
2445,1499,1
4663,3098,3
3829,3863,4
4728,1127,3
4600,1290,3
3758,34,3
3816,2150,4
3868,628,4
3592,3088,5
2016,952,5
3808,1377,3
5431,318,5
3159,1148,4
1116,3097,4
5321,3384,4
1325,111,4
5279,1088,2
3013,1185,5
425,3361,3
863,457,4
5039,3238,2
5511,2616,1
2507,281,4
5467,1288,4
4159,266,3
2064,1248,4
3753,2959,3
4095,2396,4
4268,531,4
4754,1971,4
2741,2571,5
2906,1253,4
5972,2791,4
5220,1221,4
1185,414,4
4227,95,4
4497,2686,4
4675,928,4
1852,1127,4
729,1372,4
796,1090,3
2185,417,4
2070,3916,5
4470,1127,5
5812,435,2
1198,2410,5
1741,1587,3
3803,2000,3
4512,2797,4
1608,3160,2
1069,2237,2
566,2468,2
2258,2648,4
1425,1387,5
5437,1175,4
319,2058,3
1372,3753,4
4663,2076,3
3336,1198,5
5555,593,5
34,318,5
438,2115,3
1243,2533,3
5972,2321,4
3111,586,2
5526,1179,4
2909,552,4
1697,2340,4
2411,1214,5
392,2730,3
5809,1223,5
1800,1127,4
5849,1394,3
4238,3524,3
977,3269,2
4156,95,4
5306,46,3
4031,1321,4
4668,1376,3
2888,2003,3
5976,1625,3
392,1805,3
1267,2704,1
2553,1214,4
2665,1028,5
1352,3952,4
3003,2628,4
720,1259,3
524,322,5
3691,1923,5
4277,886,3
3641,1587,5
152,1259,5
1974,590,4
2481,923,5
4374,480,5
5277,1101,4
4048,527,5
5312,2533,4
5100,858,5
4562,3147,3
4885,919,5
2274,1073,5
2018,3618,4
2793,908,5
1299,588,4
5509,1968,4
1698,1263,5
2165,104,5
5502,3697,3
4460,1752,2
349,3578,4
119,2723,5
5701,2078,4
1203,353,4
685,2628,5
3557,1608,1
4867,2003,4
438,3412,4
4009,1635,2
3280,2023,3
5779,1080,3
4506,1303,5
702,1263,3
3841,3090,5
2484,1060,3
5734,1245,4
757,3252,3
4448,1212,4
3562,1610,3
4510,2501,3
227,3578,3
2103,541,4
3999,2539,2
1389,2268,5
2021,1339,1
2071,750,4
268,2794,4
3589,832,4
2383,262,4
4491,217,4
6016,3795,3
5689,832,4
5845,2713,1
2423,2291,4
2848,3355,1
1680,3707,4
3626,546,2
4852,1096,2
2765,2065,3
3026,1028,2
2131,110,5
2933,1270,4
5888,2949,4
2761,1409,4
5352,2657,1
1698,3685,2
190,1129,3
2291,2628,5
5480,1079,3
830,3932,3
1184,780,4
595,1411,5
3929,39,4
1824,3861,3
5000,1344,4
1462,3354,3
1267,1178,5
2889,908,5
1909,562,2
5795,1707,1
524,2064,5
702,3584,2
5433,1982,1
5098,2874,3
5519,592,5
1875,2355,4
1193,2541,2
1894,1035,5
801,1953,5
3704,3893,4
460,1125,5
1224,2524,4
3198,1080,5
1717,2985,5
4086,2447,3
2907,2948,3
5178,1885,4
1209,3471,4
1780,1949,2
2907,2052,5
327,2843,4
2793,587,4
4953,1909,4
2146,2692,3
454,1275,5
3562,1639,3
3592,232,5
4041,3300,2
3724,3809,3
550,95,3
1449,419,1
5544,2490,5
5324,592,3
4353,527,5
5988,1784,2
5917,905,5
5185,1246,4
3018,364,4
5680,2311,3
5553,2352,4
2857,2992,1
4983,1242,4
3192,1246,5
5451,2858,4
1418,260,4
2962,2273,3
1650,2107,2
5336,2948,5
687,2762,2
5459,2555,3
3134,21,4
4493,3510,1
3363,371,4
5312,32,5
3253,3361,4
3056,1370,5
2625,2461,3
3272,1299,3
3328,840,4
1101,1258,3
2097,3439,3
5792,2389,2
2290,3107,4
26,2700,1
4247,2091,1
3808,3101,4
3476,3013,1
1285,2968,4
1367,1285,5
3717,2752,4
5939,1207,4
5630,3163,5
2629,1095,2
955,32,5
4979,3438,1
2777,1805,4
4425,1240,3
4406,2527,3
3590,2770,3
5767,3147,5
425,2470,3
3924,1994,5
4079,1092,4
2343,2081,4
1584,70,2
3801,1345,5
3807,367,5
4784,222,4
2180,2092,2
1465,222,3
2555,1500,4
3641,2003,4
329,1193,4
4771,131,3
5502,265,4
4277,150,5
1137,3900,2
1793,3100,3
204,3879,3
411,1219,2
1699,372,3
5297,1573,5
6014,2971,5
668,1610,4
5061,2150,5
3697,1374,5
2077,2719,1
2611,1688,3
3268,3273,4
5413,32,4
4607,2160,4
4448,1962,4
3367,326,5
3585,943,3
5008,3751,5
5475,1304,4
2478,2662,4
95,112,4
2777,539,5
3914,608,5
2058,3930,3
2796,1285,3
2231,3507,4
1655,1552,4
53,2959,5
464,3535,5
5643,780,4
3260,1302,3
4647,509,4
1879,1179,4
3639,2321,3
2643,3254,3
2097,3915,4
4601,527,5
5367,2043,1
1377,303,2
4387,219,3
2665,2949,4
706,2360,3
1943,2829,3
6036,1258,4
3135,1225,5
5738,3396,4
5980,3114,3
1301,1214,4
3111,2004,2
3499,2330,5
3850,3409,3
3728,2714,3
2274,2086,4
5792,2912,3
1733,1334,4
3695,1393,3
392,2379,3
1297,3527,3
4579,2962,2
933,2339,4
2976,597,2
3712,1240,5
1141,34,4
4344,3639,3
4124,2762,5
1516,2355,3
4336,1855,4
3051,720,5
1331,2973,5
1611,733,3
5649,262,5
225,574,5
1983,1077,5
5698,608,4
1106,3699,3
3824,3114,4
554,2724,2
1845,1653,4
1680,3565,3
3476,2650,1
2073,408,5
5786,2407,3
5020,2987,2
5264,1275,3
2751,1704,2
5667,1090,4
4766,3006,2
1586,2243,5
4852,971,4
587,223,5
1611,3148,5
2907,1485,4
4139,529,3
22,292,3
3108,1262,4
4837,1644,3
2776,1584,4
1903,924,5
2068,1278,4
4022,303,2
710,3946,3
5153,3071,4
4140,2410,3
1980,1244,5
36,3697,4
5845,3545,4
5018,509,4
1579,344,3
904,1552,3
1034,3555,4
4578,1222,5
3683,2411,2
3967,1015,2
5123,3316,2
1303,708,2
4790,2146,4
5644,207,5
5621,1374,3
5936,608,5
2376,1185,4
1741,1127,5
5925,708,4
4480,1225,4
5957,533,3
3940,2268,4
5472,1233,4
3878,7,4
3464,2959,4
695,3448,5
1146,2710,5
5519,2057,3
3650,1639,4
4808,3764,3
3412,293,5
5769,3114,2
1285,3262,3
716,2273,4
5550,2993,3
1354,2772,3
2680,3060,4
5888,1393,4
4058,2321,4
3683,1377,2
2458,3039,3
3159,1734,4
408,922,5
2778,318,4
1527,1213,5
1843,144,2
2116,867,3
1449,36,4
4747,849,3
260,1552,4
2638,2114,1
4169,2186,5
2764,928,4
1899,1362,4
797,2100,4
4647,413,2
3569,2059,2
4014,673,4
5884,1261,5
1771,2140,3
3969,3186,4
1137,534,4
531,2622,3
5087,2701,2
4736,2278,4
3328,1894,3
4784,2683,3
2878,3873,3
3210,162,5
4219,3252,3
5785,1258,5
355,588,4
767,3948,4
5677,2688,3
1447,2713,1
3778,2013,4
34,1307,5
2512,3475,4
725,237,3
1680,3713,4
3599,2094,3
748,2985,5
4072,21,4
2728,1097,5
4140,2023,1
3206,2959,5
1315,3720,4
1018,3275,3
3816,1948,5
5643,674,1
1780,1953,4
5131,2558,2
519,34,4
392,480,4
1188,1954,5
1667,2605,4
281,3911,5
2398,1097,3
2514,350,4
1628,955,5
4001,1390,4
4117,1060,5
3462,3005,3
3906,3104,4
3504,2320,4
5253,596,5
3580,2762,5
325,500,4
1761,924,2
4510,2827,1
1530,785,3
78,1677,3
1120,1042,5
1284,1678,4
1675,2452,2
1647,2090,3
5083,2420,3
2607,8,3
3313,1096,3
6000,1952,3
1267,936,4
721,1438,4
4494,21,4
2670,1777,3
5770,1272,5
5100,2268,4
4058,517,3
2353,2875,2
601,1916,4
802,2617,4
970,2262,3
2744,2761,1
4510,3062,3
5765,3489,2
3013,2253,2
3727,357,3
5100,1653,3
3367,2391,4
5142,2110,4
5451,1954,3
3974,344,3
2164,2019,4
4932,508,4
4666,1230,5
444,1193,4
4865,1912,3
5917,1948,3
3677,2366,3
4489,2105,4
5250,2706,5
6028,1287,2
850,2348,4
3589,2412,1
2398,350,4
316,24,3
3082,2397,4
3065,1907,3
2908,3917,5
2840,3452,2
3323,3040,4
4736,62,3
1951,1885,5
3401,597,2
3963,2647,2
5614,1217,4
4386,1342,3
5812,241,2
1764,223,4
5732,1291,5
482,2273,3
5367,484,1
3934,368,3
343,2336,5
5749,1641,2
22,1917,1
5423,3359,5
4143,2794,4
3792,2529,5
352,1185,4
5481,345,4
2840,39,4
5702,2565,3
2504,2115,5
4141,1918,4
4157,1959,5
5286,45,5
4167,2476,5
696,3911,4
1984,1912,3
4802,3685,5
4667,1267,5
3476,2947,5
4451,2794,2
4975,2378,4
1501,1033,4
3792,1586,4
1150,1351,3
4915,110,3
4721,2581,3
2059,858,5
4821,2302,4
3319,3194,4
2926,2321,3
319,2276,3
4298,2405,4
2853,3266,4
3569,2320,2
5511,3120,5
3067,2877,3
3993,1982,4
2116,140,5
5426,1974,4
33,1955,5
591,1212,4
1009,3536,4
1441,2567,5
2152,3499,5
3610,1920,2
2242,1393,2
1698,3089,5
1586,2194,5
5905,2985,2
3768,2119,2
3515,950,5
4508,2900,3
4238,2051,2
336,1383,1
1712,2108,3
3335,2424,4
4589,1517,3
3029,2085,4
1689,2762,5
3331,608,4
1891,2710,4
4922,2423,4
4957,2141,3
3180,2296,1
5430,2078,2
1160,3113,3
4867,3253,3
299,1912,4
2638,2701,3
3158,3175,3
5349,2406,5
4118,1097,5
5750,1280,4
1203,357,5
553,2324,5
5855,2396,4
5494,1617,4
1527,858,4
1960,912,5
5570,3175,5
5775,912,5
1974,3000,5
2453,1894,3
4661,1370,4
3072,527,5
48,3877,1
1880,1982,3
2842,673,2
3086,494,3
5480,3396,5
4797,588,5
4893,1291,5
2438,3108,5
6016,3528,3
1706,3852,3
245,2953,1
4624,1408,4
565,2791,4
166,1225,4
231,3468,5
6016,2478,1
2060,3578,3
4725,1064,3
5841,1085,4
2344,2683,4
5978,1282,5
4958,2406,3
4765,905,5
4543,3296,4
3024,2232,4
4156,2370,4
3108,3334,4
4684,356,3
2251,3101,4
855,2558,3
1125,1015,5
4331,145,5
5397,3755,3
1758,3363,3
5041,1333,5
1601,39,5
5890,904,5
4439,3301,4
4285,1307,4
859,1690,2
5886,1535,4
3682,3448,4
58,3698,2
5565,1689,3
3884,1865,2
1122,2012,2
3609,236,4
4386,2240,1
4356,2683,3
4897,1301,3
1182,1831,2
2503,1389,3
